-- phpMyAdmin SQL Dump
-- version 5.2.0
-- https://www.phpmyadmin.net/
--
-- Host: 127.0.0.1
-- Generation Time: Oct 18, 2023 at 03:36 PM
-- Server version: 10.4.25-MariaDB
-- PHP Version: 7.4.30

SET SQL_MODE = "NO_AUTO_VALUE_ON_ZERO";
START TRANSACTION;
SET time_zone = "+00:00";


/*!40101 SET @OLD_CHARACTER_SET_CLIENT=@@CHARACTER_SET_CLIENT */;
/*!40101 SET @OLD_CHARACTER_SET_RESULTS=@@CHARACTER_SET_RESULTS */;
/*!40101 SET @OLD_COLLATION_CONNECTION=@@COLLATION_CONNECTION */;
/*!40101 SET NAMES utf8mb4 */;

--
-- Database: `kvp`
--

-- --------------------------------------------------------

--
-- Table structure for table `accomplished_schedule`
--

CREATE TABLE `accomplished_schedule` (
  `id` int(11) NOT NULL,
  `schedule_id` int(11) NOT NULL,
  `accomp_date` date NOT NULL,
  `diagnosis` varchar(150) NOT NULL,
  `service_don` text NOT NULL,
  `recomm` text NOT NULL,
  `accomp_status` int(11) NOT NULL DEFAULT 2,
  `withC` int(11) NOT NULL DEFAULT 0
) ENGINE=InnoDB DEFAULT CHARSET=utf8mb4;

--
-- Dumping data for table `accomplished_schedule`
--

INSERT INTO `accomplished_schedule` (`id`, `schedule_id`, `accomp_date`, `diagnosis`, `service_don`, `recomm`, `accomp_status`, `withC`) VALUES
(1, 2, '2023-09-12', 'SDADASD', 'DFDSFDSFSDFDS', 'DFSDFSDFDS', 2, 0),
(2, 3, '2023-09-12', 'FSDFSF', 'DFSfs', 'DSFSDFSD', 2, 0),
(3, 4, '2023-09-12', '', '', '', 2, 0),
(4, 6, '2023-09-12', 'FDFDSFDF', 'FDSFDSFDS', 'FDFSDFSDFDSF', 2, 0),
(5, 7, '2023-09-12', '', '', '', 2, 0),
(6, 10, '2023-08-24', '', 'PERFORMED PMS / MECHANICAL MOVEMENT OF TABLE ARE WORKING / PERFROMED WATER PHANTOM EXPOSURE TEST / CHECKED THE QUALITY OF IMAGE / MACHINE CLEANING (INTERIOR & EXTERIOR)', 'SYSTEM RUNNING AND MACHINE IS READY TO USE', 2, 0),
(7, 14, '2023-09-12', '', 'snkgdniod', '', 2, 0),
(8, 15, '2023-09-12', 'ioagm', '', '', 2, 0),
(9, 16, '2023-09-12', 'as', '', '', 2, 0),
(10, 17, '2023-09-12', '', '', '', 2, 0),
(11, 18, '2023-09-12', '', '', '', 2, 0),
(12, 46, '2023-08-24', '', 'PERFORMED PLANNED MAINTENANCE SERVICE / MECHANICAL MOVEMENTS OF TABLE ARE WORKING / PERFORMED WATER PHANTOM EXPOSURE TEST / CHECKED THE IMAGE QUALITY - OKAY / MACHINE CLEANING (INTERIOR & EXTERIOR) CHECKED ROOM TEMP AND HUMIDITY - 23.7째C AND 50.7%', 'SYSTEM RUNNING AND MACHINE IS READY TO USE FOR CONTINOUS PATIENT PROCEDURE', 2, 0),
(13, 48, '2023-06-02', '', 'Conducted PMS / Checked mechanical movements of tube stand, table and bucky stand / Checked all selection buttons - OK / Performed exposure and image test / Performed calibration', 'System running', 2, 0),
(14, 50, '2023-04-14', '', 'Performed PMS / Checked and inspected the machine, upon checking we found out that the AVR cooling fan was defective / Performed tube warm up - OK', ' As per Radtech, they have encountered power fluctuation so we recommend to install full UPS / System running', 2, 0),
(15, 51, '2023-09-12', '', '', '', 2, 0),
(16, 54, '2023-04-14', '', 'Performed PMS / Checked and inspected the machine, upon checking we found out that the AVR cooling fan was defective / Performed tube warm up - OK', ' As per Radtech, they have encountered power fluctuation so we recommend to install full UPS / System running', 2, 0),
(17, 56, '2023-07-20', '', 'Performed PMS', 'System running', 2, 0),
(18, 58, '2023-09-05', '', 'Performed PMS / Checked wiring and HV cable connection / Checked power supply - OK / Power on the machine - OK / Tube arm mechanical movement up & down are both working / Performed calibration / Performed exposure test using IS - OK / Machine cleaning', 'System running', 2, 0),
(19, 60, '2022-11-30', '', 'Performed PMS / Returned and installed the repaired X-ray tube / Performed bow alignment - OK / Performed ISO alignment - OK / Performed collimator alignment - OK / Performed detailed calibration / Performed air calibration / Performed water phantom and image test - OK', 'System running and ready to use', 2, 0),
(20, 62, '2023-05-17', '', 'Performed PMS / Performed routine maintenance service of gantry patient table, operator console PDU / Checked all mechanical parts - OK / Cleaned internal and external surfaces of gantry and patient table - OK / Checked input voltage of AC and DC power supply - results are normal / Performed air calibration - OK / Saved and updated system state - OK / Mylar cleaning - OK / Performed warm up scan', 'CT Scan machine is fully functional and calibrated / Ready for actual patients', 2, 0),
(21, 64, '2023-08-16', '', 'Performed PMS / Table mechanical movements are working and selection buttons are functional / Water phantom test - OK / Image quality check after actual patient test - OK / Machine cleaning (interior & exterior)', 'Room temp should be 22째C with humidity of 49% / System running / Machine is ready to use for continuous patient procedure', 2, 0),
(22, 66, '2022-09-28', 'X-ray Tube Replacement', 'Delivery and installation of X-ray tube (Insert S/N: 124580BI8) / Performed PRO and ISO alignment / Performed tube calibration / Performed water phantom test / Performed image quality check / Performed PMS and machine cleaning', 'System running and ready to use', 2, 0),
(23, 68, '2022-12-07', '', 'Performed PMS / Exercised the movement of gantry table (in, out, up, down) / Performed scanning phantom & image test - OK', 'We have noticed that the disc storage is 6% so we recommend to delete some patient images / System running', 2, 0),
(24, 70, '2023-05-18', 'Installation of new DAS Power Supply Module', 'Dismantled old & defective DAS Power Supply Module (S/N: E11177) / Installed new DAS Power Supply Module (S/N: 1-10563941058) / Power on and measured input & output voltages - OK / Verified control console boot-up sequence / Scanning hardware reset successful - normal / Performed tube warm up - OK / Scan water phantom and checked image quality - OK / Performed PMS', 'System running and ready to use / We recommend to install a full UPS system before using the machine', 2, 0),
(25, 72, '2023-08-17', '', 'Performed PMS / Performed tube warm up - OK / Performed phantom test and checked image quality - OK', 'System running', 2, 0),
(26, 74, '2023-07-07', '', 'Performed PMS / Checked error logs and noticed intermittent error of DCB and No Data View collected / Performed tube warm up, scan water phantom, image quality check and save state / ', 'System under observation, we recommend plain patient for 1 week / AC units of CT Scan room must be powered on 24/7 / AVR must be installed to address the voltage difference from Meralco to machine / We recommend UPS maintenance and check up / System running and ready to use', 2, 0),
(27, 76, '2023-03-17', '', 'Performed PMS / Checked wiring connection and boot-up sequence - OK / Checked all selections buttons and probes - OK / Machine cleaning', 'System running and ready to use', 2, 0),
(28, 78, '2023-08-25', '', 'Performed PMS / Checked boot up sequence - OK / Selection buttons and keyboard are functional / All probes are working / Machine cleaning', 'System running', 2, 0),
(29, 80, '2023-03-03', '', 'Performed PMS / Checked main power and all wiring connections / Checked boot up of control panel / Checked all selection buttons / Checked all mechanical movement of tube stand, bucky stand and table / Performed rotor and exposure test', 'System running', 2, 0),
(30, 82, '2023-06-13', '', 'Performed PMS / Checked all wiring connection - OK / Checked main power - OK / Checked boot up sequence and control panel - OK / Inspected all mechanical movement of tube stand, patient table, bucky stand and collimator (defective collimator button but functional) / Performed rotor and exposure test using IS', 'System running', 2, 0),
(31, 83, '2023-09-07', '', 'Performed PMS / Checked all wiring and HV cable connections - OK / Power on and checked machine boot up sequence - OK / Checked all selection buttons - OK / All mechanical movements are working / Performed rotor and exposure test using IS - OK / Machine cleaning', 'System running and ready to use', 2, 0),
(32, 85, '2023-04-19', '', 'Conducted PMS / Checked the machine / Checked patient image - OK / Machine cleaning - OK', 'System running', 2, 0),
(33, 86, '2023-07-26', '', 'Conducted PMS / Performed tube warm up, water phantom test and machine cleaning', 'System running', 2, 0),
(34, 88, '2023-01-26', 'FIRMWARE RESET OCCURED DURING SCANNING', 'Analyzed the error occurred during scanning and physical inspection of gantry / Cleaned slip ring, power and signal brush using a special abrasive eraser / Inspection reset and retightening of connectors - OK / Measured high and low voltages - OK / Checked room temperature and humidity / Functional check and adjustment - OK / Performed tube warm up and water phantom test / System calibration, image check and CT number measurement / Conducted PMS', 'Upon checking, the body strap and head strap are possible in need of replacement / System running', 2, 0),
(35, 90, '2023-05-10', 'X-ray tube / Scanning Hardware Stopped Scan', 'Performed replacement of PC KV Control Board and inverter but we still encountered error / Dismantled SSMC Jedi and replaced by KVP\'s Jedi / Tested but encountered error again / Dismantled KVP\'s Jedi and replaced by SSMC original Jedi / Replaced X-ray tube / Performed offline scan, rotor test and exposure test - OK / Performed alignment and calibration - OK / Performed phantom test / Conducted PMS', 'We recommend to temporarily perform tube warm up only / System running', 2, 0),
(36, 92, '2023-07-14', '', 'Conducted PMS / Performed tube warm up, water phantom scan and table scanning - OK', 'System running', 2, 0),
(37, 94, '2023-07-14', 'Battery problem', 'Conducted PMS / Checked batteries and measured output voltage', 'Replace 32 pcs battery', 2, 0),
(38, 96, '2023-07-10', '', 'Conducted PMS / Checked boot up sequence / All mechanical movements are functional / Checked selection buttons and knobs / Upon checking of control, the power button was not functional / Performed exposure test and checked image quality', 'System running and ready to use', 2, 0),
(39, 98, '2023-07-10', 'Software and calibration', 'Conducted PMS / Software loading and image test via remote online / Checked boot up sequence / Cassette cleaning / Device calibration / Scanning procedure and result / Machine cleaning', 'System running and ready to use', 2, 0),
(40, 100, '2023-07-10', '', 'Conducted PMS / Boot up sequence / Checked mechanical movements and functions - OK / Checked collimator knobs and found out that one knob was loose, performed adjustment and tightened the allen bolt / Exposure test and image quality check / Machine cleaning', 'System running and ready to use', 2, 0),
(41, 102, '2023-07-10', '', 'Conducted PMS / Boot up sequence / All selection buttons and probes are functional', 'System running and ready to use', 2, 0),
(42, 104, '2023-07-10', '', 'Conducted PMS / Boot up sequence / All selection buttons and probes are functional', 'System running and ready to use', 2, 0),
(43, 106, '2023-07-14', '', 'Conducted PMS / Checked main power supply / Checked all wiring connections and mechanical movement of the machine / Checked collimator window / Exposure test and image check', 'System running and ready to use', 2, 0),
(44, 108, '2023-01-26', '', 'Conducted PMS / Checked all mechanical movements of table, tube stand & bucky / Checked selection buttons & collimator blade window / Exposure test & image test (some cassettes have line artifacts) / Cleaned all cassettes / Auto alignment & calibration ', 'System running', 2, 0),
(45, 109, '2023-04-20', '', 'Conducted PMS / Checked all wiring connections and mechanical movements of tube stand and tube arm - all working / All buttons are functional / Checked all railings and bearing condition - OK / Machine cleaning / Exposure and image test', 'System running and ready to use', 2, 0),
(46, 111, '2023-09-12', 'Planned Maintenance Service', 'Checked boot up sequence upon power on - OK / Selections buttons are functional / All probes are working / Upon printing, the image has line artifacts due to defective printer head but still working', 'We recommend to replace the printer / System running', 2, 0),
(47, 112, '2023-09-12', 'Planned Maintenance Service', 'Checked wiring and cable connections - OK / Checked boot up sequence upon power on / Cleaned all IP cassettes / Checked scanning procedures / Checked the image quality / Cleaned the machine', 'System running and machine is ready to use for continuous scanning procedure', 2, 0),
(48, 113, '2023-09-12', 'Planned Maintenance Service', 'Checked boot up sequence - OK / Upon checking of control console, we found out that the KV, MA, Mas buttons were already damaged and hard to press so we highly recommend a replacement of the console control unit / Performed exposure test and image quality check - OK / Collimator light switch replaced by portable x-ray collimator / Machine cleaning', 'System running and machine is ready to use for continuous scanning procedure', 2, 0),
(49, 114, '2023-09-12', 'Planned Maintenance Service', 'Checked boot up sequence upon power on - OK / Selections buttons are functional / All probes are working / Machine cleaning', 'System running', 2, 0),
(50, 115, '2023-09-12', 'Planned Maintenance Service', 'Checked wiring and cable connections - OK / Checked boot up sequence upon power on / Cleaned all IP cassettes / Performed calibration / Checked scanning procedures / Checked the image quality / Cleaned the machine', 'System running and machine is ready to use for continuous scanning procedure', 2, 0),
(51, 116, '2023-09-12', 'Planned Maintenance Service', 'Checked boot up sequence upon power on - OK / Selections buttons are functional / All probes are working / Machine cleaning', 'System running', 2, 0),
(52, 117, '2023-07-18', 'Planned Maintenance Service', 'Checked all wiring and HV Cable connections - OK / All mechanical movement of the machine are working / All selection buttons are functional / Checked railings and bearing condition - OK / Lubricated bearings / Exposure test and image quality check / Machine cleaning', 'System running and machine is ready for continuous patient procedure', 2, 0),
(53, 119, '2023-01-26', 'Planned Maintenance Service', 'Checked all mechanical movements of table and bucky stand / Checked all selection buttons and collimator blade window / Exposure test and image test / Some cassettes have line artifacts / Cleaned cassettes / Auto alignment and calibration', 'System running', 2, 0),
(54, 121, '2023-04-20', 'Planned Maintenance Service', 'Inspected all cassettes and noticed that some have line artifacts / Cleaned cassettes and performed calibration', 'System running / We recommend to put space at the back portion of CR to wall to avoid losing connection', 2, 0),
(55, 123, '2023-07-18', 'Planned Maintenance Service', 'Checked all wiring connections / Cleaned all cassettes / Checked boot up sequence / Performed device calibration and checked scanning procedure / Machine cleaning', 'System running and machine is ready for scanning procedure', 2, 0),
(56, 125, '2023-01-26', 'Planned Maintenance Service', 'Checked all mechanical movements / Checked caster wheel, selection buttons and collimator blade window / Exposure & image test', 'System running', 2, 0),
(57, 127, '2023-04-20', 'Planned Maintenance Service', 'Checked boot-up sequence / Performed exposure test using IS', 'System running and machine is ready for continuous patient procedure', 2, 0),
(58, 129, '2023-07-18', 'Planned Maintenance Service', 'Checked boot up sequence / Exposure test and image quality check / Machine cleaning', 'System running and machine is ready for scanning procedure', 2, 0),
(59, 171, '2023-06-15', 'Planned Maintenance Service', 'Checked boot up sequence, cable connections & room temperature - OK / Performed device calibration and exposure test / Scanned device & checked image quality - OK / Cleaned cassettes', 'System running / Please do not put heavy objects on top of CR System', 2, 0),
(60, 173, '2023-04-14', 'Planned Maintenance Service', 'Installed router at OR / Installed remote desktop software / Performed wifi router configuration and remote desktop software / Tested the network connection - OK / Exposure test & image check', 'System running', 2, 0),
(61, 175, '2023-07-20', 'Planned Maintenance Service', 'Checked router and connection - OK / Checked battery charger - OK / Exposure test and image check', 'System running / We recommend to put some rubber matting on the floor to avoid damage of the cassette due to accidental fall', 2, 0),
(62, 177, '2023-06-08', 'Planned Maintenance Service', 'Exposure test and image quality check / Machine cleaning', 'System running and ready to use', 2, 0),
(63, 179, '2022-08-24', 'Planned Maintenance Service', 'Cleaned the machine / Performed device calibration / Functional test & image checks', 'System running and ready to use / For LTO Inspection (FDA)', 2, 0),
(64, 180, '2022-11-03', 'Planned Maintenance Service', 'Cleaned the machine / Functional test', 'System running and ready to use', 2, 0),
(65, 182, '2023-02-13', 'Planned Maintenance Service', 'Checked all mechanical movements of table, tube stand & bucky stand / Checked all selection buttons of control panel / Exposure test', 'System running and ready to use', 2, 0),
(66, 183, '2023-05-16', 'Planned Maintenance Service', 'Checked boot up sequence / All selection buttons are functional / Adjustment of roller ball in tube arm due to hard rotation movement / Performed exposure test and image check / Machine cleaning', 'System running and ready to use', 2, 0),
(67, 184, '2023-07-27', 'Planned Maintenance Service', 'Checked all wiring and HV cable connections / All mechanical movements and selection buttons are functional / Exposure test and image check / Machine cleaning', 'System running and ready to use', 2, 0),
(68, 186, '2023-08-24', 'Planned Maintenance Service', 'Conducted PMS', 'System running and ready to use', 2, 0),
(69, 187, '2023-09-13', 'Power charger is not working / No x-ray exposure / Charging circuit problem / Defective power resistor', 'Replaced and installed the charger board assy / Replace and installed power resistor / Checked terminal connection and wirings for proper harness / Performed system power up and tried exposure testing in different factor setting - successful / Calibration / Conducted PMS', 'System running and calibrated / X-ray unit is ready for actual patient procedures', 2, 0),
(70, 188, '2023-02-13', 'Planned Maintenance Service', 'Checked boot up sequence of AC Power / Checked front and back movement of driving on - OK / Rotor and exposure test using IS - OK', 'System running and ready to use', 2, 0),
(71, 189, '2023-05-16', 'Planned Maintenance Service', 'Checked boot up sequence / Mechanical movements are working and in good condition / Checked charge voltage / Checked caster wheel condition / Exposure test and image checks / Machine cleaning', 'System running and ready to use', 2, 0),
(72, 190, '2023-07-27', 'Mechanical rotation of tube stand was stuck up', 'Checked mechanical tube stand and adjusted nut / Practiced tube stand rotational movement / Boot up sequence / Exposure test and image quality check / Machine cleaning', 'System running', 2, 0),
(73, 193, '2022-08-24', 'Planned Maintenance Service', 'Conducted PMS', 'System running and ready to use', 2, 0),
(74, 194, '2022-11-03', 'Planned Maintenance Service', 'Conducted PMS', 'System running and ready to use', 2, 0),
(75, 195, '2023-02-13', 'Planned Maintenance Service', 'Checked boot up sequence of AC power / Checked front and back movement of driving on / Performed rotor and exposure test using IS', 'System running and ready to use', 2, 0),
(76, 196, '2023-05-16', 'Planned Maintenance Service', 'Checked boot up sequence / All selection buttons are functional / Checked all mechanical movements / Checked drive switch key / Exposure test and image check / Machine cleaning', 'System running and ready to use', 2, 0),
(77, 197, '2023-07-27', 'Planned Maintenance Service', 'Adjusted collimator window / Checked boot up sequence / Checked all mechanical movements / All selection buttons are functional / Exposure test and image quality check / Machine cleaning', 'System running and ready to use', 2, 0),
(78, 200, '2022-08-24', 'Planned Maintenance Service', 'Conducted PMS', 'System running and ready to use', 2, 0),
(79, 201, '2022-11-15', 'Power charger is not working / No x-ray exposure / Charging circuit problem / Defective power resistor', 'Replaced and installed the charger board assy / Replace and installed power resistor / Checked terminal connection and wirings for proper harness / Performed system power up and tried exposure testing in different factor setting - successful / Calibration / Conducted PMS', 'System running and calibrated / X-ray unit is ready for actual patient procedures', 2, 0),
(80, 202, '2023-02-13', 'Planned Maintenance Service', 'Checked boot up sequence of AC Power / Checked front and back movement of driving on - OK / Rotor and exposure test using IS - OK', 'System running and ready to use', 2, 0),
(81, 203, '2023-05-16', 'Planned Maintenance Service', 'Checked boot up sequence / Mechanical movements are working and in good condition / Checked charge voltage / Checked caster wheel condition / Exposure test and image checks / Machine cleaning', 'System running and ready to use', 2, 0),
(82, 204, '2023-07-27', 'Mechanical rotation of tube stand was stuck up', 'Checked mechanical tube stand and adjusted nut / Practiced tube stand rotational movement / Boot up sequence / Exposure test and image quality check / Machine cleaning', 'System running and ready to use', 2, 0),
(83, 207, '2022-08-24', 'Planned Maintenance Service', 'Conducted PMS', 'System running and ready to use', 2, 0),
(84, 208, '2022-11-03', 'Planned Maintenance Service', 'Checked boot up sequence / Checked all selection buttons and mechanical movements / Exposure test and image test', 'System running and ready to use', 2, 0),
(85, 209, '2023-02-13', 'Planned Maintenance Service', 'Checked boot up sequence / Checked all selection buttons and mechanical movements / Exposure test and image test', 'System running and ready to use', 2, 0),
(86, 210, '2023-05-16', 'Planned Maintenance Service', 'Checked boot up sequence / Checked all selection buttons and mechanical movements / Exposure test and image test', 'System running and ready to use', 2, 0),
(87, 211, '2023-07-27', 'Planned Maintenance Service', 'Checked boot up sequence / Checked all selection buttons and mechanical movements / Exposure test and image test', 'System running and ready to use', 2, 0),
(88, 214, '2022-08-24', 'Planned Maintenance Service', 'Cleaned the machine / Performed device calibration / Functional test & image checks', 'System running and ready to use', 2, 0),
(89, 215, '2022-11-03', 'Planned Maintenance Service', 'Cleaned the machine / Performed device calibration / Functional test & image checks', 'System running and ready to use', 2, 0),
(90, 216, '2023-02-13', 'Planned Maintenance Service', 'Device calibration / Cleaned cassettes', 'System running and ready to use', 2, 0),
(91, 217, '2023-05-16', 'Planned Maintenance Service', 'Checked boot up sequence / Checked wiring connections / Upon checking the cassettes we found out that there is a line artifact so we performed device calibration - OK / Cleaned cassettes ', 'System running and ready to use', 2, 0),
(92, 218, '2023-07-27', 'Planned Maintenance Service', 'Checked boot up sequence / Cleaned cassettes / Scanning procedure test / Machine cleaning', 'System running and ready to use / Please do not put anything on top of the CR Machine', 2, 0),
(93, 220, '2023-05-02', 'FDA Performance Testing', 'Assisted FDA for the Performance Testing / Mammographic unit assembly evaluation / Collimation assessment / Radiation output checks / Image quality evaluation / Artifacts evaluation / Detector uniformity / Distance caliper / PMS inspection / Exposure test', 'System running and ready to use / Passed all the tests', 2, 0),
(94, 222, '2023-05-05', 'Planned Maintenance Service', 'Functional testing / Mechanical functions / Patient registration / Actual exposure / Image checks', 'System running and ready to use', 2, 0),
(95, 223, '2023-08-25', 'Planned Maintenance Service', 'Boot up sequence / Exposure test / Image check', 'System running and ready to use', 2, 0),
(96, 225, '2023-04-24', 'Planned Maintenance Service', 'Inspected the machine / Calibration & phantom scanning', 'System running and ready to use', 2, 0),
(97, 226, '2023-07-25', 'Planned Maintenance Service', 'Tube warm up / Water phantom test & patient test / Machine cleaning', 'System running and ready to use', 2, 0),
(98, 229, '2022-09-20', 'Planned Maintenance Service', 'Checked the scope lens, mechanical function, lock, airflow and suction of the machine / Cleaned the machine', 'System running and ready to use', 2, 0),
(99, 231, '2023-01-25', 'Planned Maintenance Service', 'Checked boot up sequence, air and water ouput / Suction machine test / Cleaned processor and light source / Camera test', 'System running and ready to use', 2, 0),
(100, 233, '2023-09-20', 'Replacement of charger board and Planned Maintenance Service', 'Replaced charger board assy / Checked the input/output power of the unit / Checked wiring connection of the machine / Rotor and exposure test / Cleaned machine', 'System running and ready to use', 2, 0),
(101, 237, '2023-09-20', 'Replacement of charger board and Planned Maintenance Service', 'Replaced charger board assy / Checked the input/output power of the unit / Checked wiring connection of the machine / Rotor and exposure test / Cleaned machine', 'System running and ready to use', 2, 0),
(102, 240, '2022-09-20', 'Replacement of charger board and Planned Maintenance Service', 'Replaced charger board assy / Checked the input/output power of the unit / Checked wiring connection of the machine / Rotor and exposure test / Cleaned machine', 'System running and ready to use', 2, 0),
(103, 242, '2023-01-25', 'Broken caster wheel / Defective driving key and emergency stop button / Loose power outlet connection that causes damage to charger board', 'Conducted PMS / Checked mechanical movements / Replaced 2 pcs caster wheel / Replaced driving key and emergency stop button / Pulled out screw from the collimator', 'Systtem down/ Charger board is damaged so we recommend replacement', 2, 0),
(104, 244, '2023-03-01', 'Planned Maintenance Service', 'Replaced 3 pcs of new caster wheel / Checked all mechanical movements of tube stand rotation and tube arm lateral / Checked all selection buttons / Performed planned maintenance service and cleaning', 'System running and ready to use', 2, 0),
(105, 246, '2023-04-13', 'Planned Maintenance Service', 'Boot up sequence / Checked selection buttons  and functions / Checked mechanical movement forward and reverse / Checked caster wheel condition / Machine cleaning / Exposure test', 'System running and ready to use', 2, 0),
(106, 248, '2023-06-08', 'Planned Maintenance Service', 'Replaced caster wheel / Repaired computer switch / Boot up sequence / All mechanical movements are functional / Exposure test / Machine cleaning', 'System running and ready to use', 2, 0),
(107, 250, '2023-07-18', 'Planned Maintenance Service', 'Boot up sequence / Exposure test & image check / Image rotation adjustment from 5째 to 45째', 'System running and ready to use', 2, 0),
(108, 252, '2023-08-31', 'Performance Testing / Planned Maintenance Service', 'Assisted Medical Physics & Health Physics Services for the Performance Testing / Mechanical tests / Xray generator test for both fluoroscopy and radiography / System resolution test / Colliator checks, adjustments & calibration / Image quality test / Planned Maintenance Service', 'System running and ready to use / Passed all the tests', 2, 0),
(109, 254, '2022-07-01', 'Pull out of KVP CR System / Delivery and installation of brand new CR System', 'Pulled out KVP CR System and found out that the medical grade monitor is missing (stolen) / Keyboard, mouse and assorted cables are broken / Delivered brand-new CR system / Installed CR system and performed alignment / Device calibration / Functional testing / PMS inspection', 'System running and ready to use / Quotation will be submitted to client for the medical grade monitor replacement', 2, 0),
(110, 255, '2022-09-14', 'Planned Maintenance Service', 'Checked the machine and all mechanical movements / Tightened the selector / Exposure & image test / PMS inspection / Cleaned the machine', 'System running and ready to use', 2, 0),
(111, 258, '2022-07-01', 'Pull out of KVP CR System / Delivery and installation of brand new CR System', 'Pulled out KVP CR System and found out that the medical grade monitor is missing (stolen) / Keyboard, mouse and assorted cables are broken / Delivered brand-new CR system / Installed CR system and performed alignment / Device calibration / Functional testing / PMS inspection', 'System running and ready to use / Quotation will be submitted to client for the medical grade monitor replacement', 2, 0),
(112, 259, '2022-09-14', 'Planned Maintenance Service', 'Checked the machine / Cleaned cassettes and machine', 'System running and ready to use', 2, 0),
(113, 260, '2022-11-09', 'Planned Maintenance Service', 'Boot up sequence / Cleaned machine', 'System running and ready to use', 2, 0),
(114, 261, '2023-04-03', 'Planned Maintenance Service', 'Conducted PMS', 'System running and ready to use', 2, 0),
(115, 262, '2023-07-11', 'Planned Maintenance Service', 'Checked wiring and cable connections / Boot up sequence / Cleaned cassettes / Scanning procedure test / Device calibration / Machine cleaning', 'System running and ready to use', 2, 0),
(116, 264, '2022-07-06', 'Planned Maintenance Service', 'Conducted PMS', 'System running and ready to use', 2, 0),
(117, 265, '2022-09-14', 'Planned Maintenance Service', 'Checked the machine and all mechanical movements / Tightened the selector / Exposure & image test / PMS inspection / Cleaned the machine', 'System running and ready to use', 2, 0),
(118, 266, '2022-11-09', '', 'Checked wiring connections and tightened screw of VCH / Checked mechanical movements of tube stand and tube rotation / Exposure and image test / Cleaned the machine', 'System running and ready to use', 2, 0),
(119, 267, '2023-04-03', 'Planned Maintenance Service / Xray beam alignment / Collimator bulb misaligned / halogen bulb is under wattage', 'Conducted PMS / Collimator beam light alignment / Checked all mechanical parts', 'System running / Collimator switch is showing early problem which needs to be replaced by next visit', 2, 0),
(120, 268, '2023-07-11', 'Planned Maintenance Service', 'Checked all wiring connections and HV cable connections / Boot up sequence / Checked mechanical movements and parts / Exposure and image test / Machine cleaning', 'System running and ready to use', 2, 0),
(121, 271, '2023-07-13', 'Planned Maintenance Service', 'Checked main power supply, wiring connection & mechanical movement of the machine / Rotor and exposure test / Calibration / Alignment', 'System running and ready to use', 2, 0),
(122, 273, '2023-07-10', 'Planned Maintenance Service', 'Checked room temp and humidity / Exercised mechanical movement & alignment / Tube warm up / Actual patient scanning / Checked image quality', 'System running and ready to use', 2, 0),
(123, 275, '2023-02-07', 'Planned Maintenance Service', 'Checked room temp and humidity / Tube warm up and scanned water phantom / Image quality check / Exercise mechanical movement / FDA Performance Testing', 'System running and ready to use', 2, 0),
(124, 276, '2023-06-27', 'Planned Maintenance Service', 'Air calibration / Scanned water phantom / Adjusted mA protocol', 'System running and ready to use', 2, 0),
(125, 278, '2022-09-13', 'Planned Maintenance Service', 'Visual inspected the machine / Boot up sequence / Machine cleaning', 'System running and ready to use', 2, 0),
(126, 279, '2022-12-08', 'Planned Maintenance Service', 'Machine cleaning & boot up sequence', 'System running and ready to use', 2, 0),
(127, 281, '2023-03-21', 'Planned Maintenance Service', 'Checked power supply / Boot up sequence ', 'System running and ready to use', 2, 0),
(128, 282, '2023-06-22', 'Planned Maintenance Service', 'Checked power supply / Boot up sequence / All probes are functional / Machine cleaning', 'System running and ready to use', 2, 0),
(129, 284, '2022-02-10', 'Application Traininng / Planned Maintenance Service', 'Power on & Functional checks / Apps training / Actual patient testing / Image checks / Conducted PMS', 'System running and ready to use / Power on the AC first for 30 mins before turning the system on / Kindly maintain at least 18-24 degree celsius room temp', 2, 0),
(130, 285, '2022-05-11', 'Planned Maintenance Service', 'Performed Rotor and Exposure test / Machine cleaning', 'System running and ready to use', 2, 0),
(131, 286, '2022-07-01', 'Planned Maintenance Service', 'Rotor & exposure test / Image quality check', 'System running and ready to use', 2, 0),
(132, 287, '2022-10-05', 'Planned Maintenance Service', 'Checked and inspected all wiring connection / Exercise mechanical movement of the machine / Checked console buttons and selector / Checked main power and cleaned the machine / Exposure test', 'System running and ready to use', 2, 0),
(133, 288, '2023-03-21', 'Planned Maintenance Service', 'Checked voltage source power and turned on machine  / Rotor and exposure test / Image checks / Calibration / Machine cleaning', 'System running and ready to use', 2, 0),
(134, 289, '2023-06-07', 'Planned Maintenance Service', 'Boot up sequence and rotor test / Checked all wiring connections / Exposure test and image quality checks / Calibration / Machine cleaning / Performed basic apps training together with CR System', 'System running and ready to use', 2, 0),
(135, 290, '2023-09-13', 'Planned Maintenance Service', 'Checked all wiring and cable connections / Boot up sequence and rotor test / Mechanical movements are functional / Exposure test ', 'System running and ready to use', 2, 0),
(136, 292, '2022-02-10', 'Application Traininng / Planned Maintenance Service', 'Power on & Functional checks / Apps training / Actual patient testing / Image checks / Conducted PMS', 'System running and ready to use / Power on the AC first for 30 mins before turning the system on / Kindly maintain at least 18-24 degree celsius room temp', 2, 0),
(137, 144, '2020-10-12', 'DONE', 'DONE', '', 2, 0),
(138, 298, '2022-05-11', 'Planned Maintenance Service', 'Conducted PMS', 'System running and ready to use', 2, 0),
(139, 299, '2022-07-01', 'Planned Maintenance Service', 'Conducted PMS', 'System running and ready to use', 2, 0),
(140, 300, '2022-10-15', 'Planned Maintenance Service', 'Conducted PMS', 'System running and ready to use', 2, 0),
(141, 301, '2023-03-21', '', 'Volunteered patient test and replaced printer cable / Boot up sequence of PC Dicom Viewer and CR System / Scanned and checked image', 'System running and ready to use', 2, 0),
(142, 302, '2023-06-07', 'Planned Maintenance Service', 'Boot up sequence and rotor test / Checked all wiring connections / Exposure test and image checked / Calibration / Machine cleaning / Basic apps training', 'System running and ready to use', 2, 0),
(143, 303, '2023-09-13', 'Planned Maintenance Service', 'Boot up sequence / Cassette cleaning / Checked scanning procedure and image check / Machine cleaning', 'System running / We noticed that the CR System has a line artifacts (possibly IP Cassette problem) / We recommend to put a LAN cable and switch hub 8 port as internet connection for sending of images to KPACS', 2, 0),
(144, 305, '2023-01-25', 'FDA Performance Testing / Planned Maintenance Service', 'Assisted FDA for the Performance Testing / Performed series of test, functional check and adjustment / Table and gantry alignment, scanned localization  light accuracy alignment / Slice thickness accuracy, low & high contrast resolution test / CT Dose Index (CTDI) Measurement / Mean CT Number, Image Uniformity Test / Patient table positioning & indexing / CT Number measurement / Scatter radiation measurement test', 'System running and ready to use', 2, 0),
(145, 307, '2023-07-27', 'Planned Maintenance Service', 'Inspected table gas and applied lubricant on both ends / Cleaned slip ring / Inspected power and signal brush / Tube warm up / Water phantom scanning / Image quality checks / Conducted PMS', 'System running and ready to use', 2, 0),
(146, 309, '2021-10-04', 'Planned Maintenance Service', 'Conducted PMS', 'System running and ready to use', 2, 0),
(147, 311, '2022-01-17', 'Planned Maintenance Service', 'Conducted PMS', 'System running and ready to use', 2, 0),
(148, 313, '2023-04-26', 'Planned Maintenance Service', 'Conducted PMS / Cleaned machine and clear printer', 'System running and ready to use', 2, 0),
(149, 316, '2021-10-04', 'Planned Maintenance Service', 'Conducted PMS', 'System running and ready to use', 2, 0),
(150, 317, '2022-01-17', 'Planned Maintenance Service', 'Conducted PMS', 'System running and ready to use', 2, 0),
(151, 318, '2022-04-26', 'Planned Maintenance Service', 'Conducted PMS / Cleaned machine and clear printer', 'System running and ready to use', 2, 0),
(152, 320, '2022-07-11', 'Planned Maintenance Service', 'Conducted PMS and cleaned machine / Conducted PMS on clear printer ', 'System running and ready to use / Please check and fix the water leak of the AC', 2, 0),
(153, 322, '2022-10-19', 'Planned Maintenance Service', 'Machine cleaning / Tube warm up / Phantom test and image check', 'System running and ready to use', 2, 0),
(154, 324, '2023-01-20', 'Planned Maintenance Service', 'Conducted PMS', 'System running and ready to use', 2, 0),
(155, 325, '2023-04-17', 'Planned Maintenance Service', 'Conducted PMS', 'System running and ready to use', 2, 0),
(156, 326, '2023-08-23', 'Planned Maintenance Service', 'Conducted PMS', 'System running and ready to use', 2, 0),
(157, 328, '2023-08-23', 'Planned Maintenance Service', 'Checked signal power / Checked battery charging / Exposure test and image check / Radtech sending image results to DICOM Viewer - succeeded', 'System running and ready to use', 2, 0),
(158, 330, '2022-11-07', 'Planned Maintenance Service', 'Collimator light problem / Troubleshoot & found out connector wires are loose / Performed soldering of wires and reconnected connector / Switched on and tested collimator light - OK / Conducted PMS', 'System running and ready to use', 2, 0),
(159, 331, '2023-01-17', 'Planned Maintenance Service', 'Conducted PMS', 'System running and ready to use', 2, 0),
(160, 332, '2023-04-25', 'Planned Maintenance Service', 'Conducted PMS', 'System running and ready to use', 2, 0),
(161, 333, '2023-07-12', 'Planned Maintenance Service', 'Conducted PMS', 'System running and ready to use', 2, 0),
(162, 334, '2022-10-12', 'Planned Maintenance Service', 'Checked all wiring connections / Inspected and exercised all mechanical movements of the machine / Checked all selection buttons and switches / Cleaned the machine', 'System running and ready to use', 2, 0),
(163, 336, '2022-10-12', 'Planned Maintenance Service', 'Boot up sequence / Cleaned cassettes / Exposure test and image check', 'System running and ready to use', 2, 0),
(164, 338, '2023-01-17', 'Planned Maintenance Service', 'Exposure test and cleaned the machine', 'System running and ready to use', 2, 0),
(165, 340, '2023-01-17', 'Planned Maintenance Service', 'Checked cassettes and cleaned it / Checked scanning process / Checked image quality', 'System running and ready to use', 2, 0),
(166, 342, '2023-04-25', 'Planned Maintenance Service', 'All selection buttons are functional / Mechanical movements of table, tube stand, tube arm and bucky are working / Machine cleaning / Exposure test and image quality check', 'System running and ready to use', 2, 0),
(167, 344, '2023-04-25', 'Planned Maintenance Service', 'Visible line artifact / Cassette cleaning / Device calibration / Image check / Machine cleaning', 'System running and ready to use', 2, 0),
(168, 346, '2023-07-12', 'Planned Maintenance Service', 'Checked wiring and cable network connection / Cleaned cassettes / Boot up sequence / Scanning procedure and checked image quality / Machine cleaning', 'System running and ready to use', 2, 0),
(169, 348, '2023-07-25', 'Planned Maintenance Service', 'Conducted PMS', 'System running and ready to use', 2, 0),
(170, 350, '2023-04-12', 'Planned Maintenance Service', 'Replaced console cooling fan / Tube warm up', 'System running and ready to use / Noticed that the aircon has error h3 / Recommend aircon maintenance', 2, 0),
(171, 351, '2023-06-05', 'Planned Maintenance Service', 'Phantom test / Machine cleaning', 'System running and ready to use', 2, 0),
(172, 353, '2022-06-13', 'Planned Maintenance Service', 'Conducted PMS', 'System running and ready to use', 2, 0),
(173, 355, '2022-09-14', 'Planned Maintenance Service', 'Checked mechanical movements / Checked wiring connection and selection buttons and switches / Check input voltage', 'System running and ready to use', 2, 0),
(174, 357, '2022-11-09', 'Planned Maintenance Service', 'Conducted PMS', 'System running and ready to use', 2, 0),
(175, 359, '2023-01-10', 'Planned Maintenance Service', 'Conducted PMS', 'System running and ready to use', 2, 0),
(176, 361, '2023-05-02', 'Planned Maintenance Service', 'Conducted PMS', 'System running and ready to use', 2, 0),
(177, 363, '2023-08-16', 'Planned Maintenance Service', 'Conducted PMS / Collimator bulb replacement / Checked all wirings and HV cable connections / All mechanical movements are working / Image check / Machine cleaning', 'System running and ready to use', 2, 0),
(178, 365, '2022-06-13', 'Planned Maintenance Service', 'Conducted PMS', 'System running and ready to use', 2, 0),
(179, 366, '2022-09-14', 'Planned Maintenance Service', 'Conducted PMS', 'System running and ready to use', 2, 0),
(180, 367, '2022-11-09', 'Planned Maintenance Service', 'Conducted PMS', 'System running and ready to use', 2, 0),
(181, 368, '2023-01-10', 'Planned Maintenance Service', 'Conducted PMS', 'System running and ready to use', 2, 0),
(182, 369, '2023-05-02', 'Planned Maintenance Service', 'Conducted PMS', 'System running and ready to use', 2, 0),
(183, 370, '2023-08-16', 'Planned Maintenance Service', 'Conducted PMS', 'System running and ready to use', 2, 0),
(184, 374, '2020-10-12', 'Planned Maintenance Service', 'Conducted PMS', 'System running and ready to use', 2, 0),
(185, 376, '2019-03-05', 'Planned Maintenance Service', 'Conducted PMS', 'System running and ready to use', 2, 0),
(186, 378, '2021-04-26', 'Planned Maintenance Service', 'Conducted PMS', 'System running and ready to use', 2, 0),
(187, 380, '2021-07-29', 'Planned Maintenance Service', 'Conducted PMS', 'System running and ready to use', 2, 0),
(188, 382, '2022-01-26', 'Planned Maintenance Service', 'Conducted PMS', 'System running and ready to use', 2, 0),
(189, 384, '2022-05-24', 'Planned Maintenance Service', 'Conducted PMS', 'System running and ready to use', 2, 0),
(190, 386, '2022-08-09', 'Planned Maintenance Service', 'Conducted PMS', 'System running and ready to use', 2, 0),
(191, 388, '2023-04-26', 'Planned Maintenance Service', 'Conducted PMS', 'System running and ready to use', 2, 0),
(192, 390, '2023-05-19', 'Planned Maintenance Service', 'Conducted PMS', 'System running and ready to use', 2, 0),
(193, 393, '2023-08-30', 'Planned Maintenance Service', 'Conducted PMS', 'System running and ready to use', 2, 0),
(194, 397, '2022-12-05', 'Planned Maintenance Service', 'Conducted PMS', 'System running and ready to use', 2, 0),
(195, 398, '2023-04-05', 'Planned Maintenance Service', 'Conducted PMS', 'System running and ready to use', 2, 0),
(196, 399, '2023-07-28', 'Planned Maintenance Service', 'Conducted PMS', 'System running and ready to use', 2, 0),
(197, 400, '2023-08-18', 'Planned Maintenance Service', 'Conducted PMS', 'System running and ready to use', 2, 0),
(198, 402, '2022-12-01', 'Planned Maintenance Service', 'Conducted PMS', 'System running and ready to use', 2, 0),
(199, 403, '2023-06-05', 'Planned Maintenance Service', 'Conducted PMS', 'System running and ready to use', 2, 0),
(200, 283, '2023-09-13', '', 'Checked boot up sequence / All probes are functional / Image is okay / Machine cleaning', 'We recommend to put UPS for protection during power interruption / System running', 2, 0),
(201, 49, '2023-09-14', '', 'Checked all wirings and cable connections / Exercised all mechanical movements / Checked collimator bulb, window, knobs and switches / Exposure test / Machine cleaning', 'System running', 2, 0),
(202, 407, '2023-09-14', 'Planned Maintenance Service', 'Water phantom exposure test / Image quality check / Machine cleaning / Checked cradle movement', 'System running', 2, 0),
(203, 409, '2023-09-14', 'Planned Maintenance Service', 'Checked boot up sequence / Checked all lights indicator / Checked connections and router / Exposure test and image check / Check battery slot charger - working / Machine cleaning', 'System running', 2, 0),
(204, 178, '2023-09-15', '', 'Switched on machine / Inspected all socket connections of gastroscope and colonoscope / Checked mechanical function of gastroscope and colonoscope / Functional check of camera and lamp / Checked all selection buttons / Conducted PMS and machine cleaning', 'System running', 2, 0),
(205, 295, '2023-09-18', '', 'Replaced old caster wheels with new ones / Switched on and checked AC/DC input power / Checked battery charge, driving indicator and speed regulator / Performed PMS and Machine cleaning / Exposure test and checked image', 'System running', 2, 0),
(206, 412, '2023-09-18', 'Worn and torn caster wheel / Planned maintenance service', 'Replaced old caster wheels with new ones / Switched on and checked AC/DC input power / Checked battery charge, driving indicator and speed regulator / Performed PMS and Machine cleaning / Exposure test and checked image', 'System running and ready to use', 2, 0),
(207, 297, '2023-09-18', '', 'Examined the recent image and saw hazy artifacts / Alignment calibration / Device calibration / Cleaned bounce mirror / Exposure test and scanning test / Checked quality of image but there were still some artifacts shown, upon checking the cassette it has a physical damage possibly caused by dropping / Performed PMS', 'System running', 2, 0),
(208, 414, '2023-09-18', 'Artifacts problem / Planned Maintenance Service', 'Examined the recent image and saw hazy artifacts / Alignment calibration / Device calibration / Cleaned bounce mirror / Exposure test and scanning test / Checked quality of image but there were still some artifacts shown, upon checking the cassette it has a physical damage possibly caused by dropping / Performed PMS', 'System running and ready to use', 2, 0),
(209, 416, '2023-09-18', 'Planned Maintenance Service', 'Checked all wiring and cable connections / Exercised all mechanical movement / Actual patient exposure test / Machine cleaning', 'System running and ready to use', 2, 0),
(210, 418, '2023-09-18', 'Planned Maintenance Service', 'Switched on and checked AC/DC input power / Checked battery charge, driving indicator and speed regulator / Performed PMS and Machine cleaning / Exposure test and checked image', 'System running and ready to use', 2, 0),
(211, 420, '2023-09-18', 'Planned Maintenance Service', 'Checked input voltage and boot up sequence / All mechanical movements are functional and working / Exposure test and image check', 'System running and ready to use', 2, 0),
(212, 294, '2023-09-19', '', 'Cleaned slip ring assy / Checked power output of DC power supply / Routine calibration / Test phantom scan (no artifacts noted) / Performed PMS', 'System running', 2, 0),
(213, 422, '2023-09-19', 'Planned Maintenance Service', 'Conducted PMS', 'System running and ready to use', 2, 0),
(214, 146, '2023-08-30', '', 'Conducted PMS', 'System running', 2, 0),
(215, 429, '2023-09-15', 'Planned Maintenance Service', 'Conducted PMS', 'System running and ready to use', 2, 0),
(216, 431, '2023-09-15', 'Planned Maintenance Service', 'Conducted PMS', 'System running and ready to use', 2, 0),
(217, 249, '2023-09-15', 'Defective charger board', 'Inspected and troubleshot the problem / Glass fuse of charger board was broken / Replaced and installed new charger board / Tested speed regulator / Tested AC/DC power / Exposure test / Conducted PMS', 'System running', 2, 0),
(218, 425, '2023-09-20', '', 'Inspected the machine / Checked input voltage / Tested capacitor / Tested charger board and found out it was defective', 'Pulled out charger board for repair/replacement / System down', 2, 0),
(219, 434, '2023-09-19', '', 'Cleaned slip ring / Carbon brush cleaning of signal and power / Tube warm up / Scan water phantom test and image quality check / Upon checking the mechanical movement of patient table there was an unusual sound from the hydraulic filter so we tried to apply lubricating oil but still encountered the same problem', 'System running / System under observation / We recommend plain patient only for 3 days / Hydraulic lifter is subjected for replacement', 2, 0),
(220, 435, '2023-09-15', '', 'Installed main circuit breaker / Checked the actual voltage in PECB, SECB and UPS / Switched on machine / Instructed the proper procedure on how to power on and power shutdown of the machine', 'System running', 2, 0),
(221, 436, '2023-09-15', '', 'Instructed the proper procedure on how to power on and power shutdown of the machine / Exposure', 'System running', 2, 0),
(222, 437, '2023-09-15', '', 'Instructed the proper procedure on how to power on, patient registration, scanning procedure and power off of the machine / Performed actual patient scanning procedure / Image quality check', 'System running', 2, 0),
(223, 438, '2023-09-20', '', 'Assisted and switched on machine / Tube warm up / Scan water phantom test upon the presence of FDA inspector by conducting scattered radiation test / Image quality check', 'System running', 2, 0),
(224, 439, '2023-09-20', '', 'Assisted and switched on machine / Tube warm up / Scan water phantom test upon the presence of FDA inspector by conducting scattered radiation test / Image quality check', 'System running', 2, 0),
(225, 440, '2023-09-20', '', 'Assisted and switched on machine / Tube warm up / Scan water phantom test upon the presence of FDA inspector by conducting scattered radiation test / Image quality check', 'System running', 2, 0),
(226, 441, '2023-09-22', 'GE', 'None', 'Test', 2, 0),
(227, 426, '2023-09-21', '', 'Delivered and installed of 28 pcs batteries / Checked DC voltage / Switched on machine and tested / Exposure test using I.S.', 'System running', 2, 0),
(228, 449, '2023-09-25', '', 'Checked cable connection / Upon checking, the interface cable was connected to VGA connection from CPU (which is not recommended) / Checked the power cable of monitor, we noticed that the power cable was defective / Replaced new power adapter and power on / Inspected the flat panel detector / Checked all slotted battery charger / Exposure test and image transfer / Performed PMS', 'System running', 2, 0),
(229, 450, '2023-09-25', 'Planned Maintenance Service', 'Conducted PMS', 'System running', 2, 0);
INSERT INTO `accomplished_schedule` (`id`, `schedule_id`, `accomp_date`, `diagnosis`, `service_don`, `recomm`, `accomp_status`, `withC`) VALUES
(230, 453, '2023-09-26', '', '', '', 2, 0),
(231, 455, '2023-12-26', '', '', '', 2, 0),
(232, 457, '2024-03-26', '', '', '', 2, 0),
(233, 459, '2023-12-26', '', '', '', 2, 0),
(234, 461, '2024-03-26', '', '', '', 2, 0),
(235, 463, '2024-06-26', '', '', '', 2, 0),
(236, 465, '2023-01-23', 'Planned Maintenance Service', 'Conducted PMS', 'System running and ready to use', 2, 0),
(237, 149, '2023-07-13', '', '', '', 2, 0),
(238, 314, '2023-07-26', '', '', '', 2, 0),
(239, 42, '2023-01-26', '', 'Conducted PMS / Checked all mechanical movements of table, tube stand & bucky / Checked selection buttons & collimator blade window / Exposure test & image test (some cassettes have line artifacts) / Cleaned all cassettes / Auto alignment & calibration', 'System running', 2, 0),
(240, 168, '2023-05-03', '', '', '', 2, 0),
(241, 372, '2019-07-19', '', '', '', 2, 0),
(242, 472, '2023-01-19', '', '', '', 2, 0),
(243, 296, '2023-04-12', '', '', '', 2, 0),
(244, 172, '2023-09-26', '', 'Checked wiring and cable connections / Boot up sequence - OK / Cleaned cassettes - OK / Checked scanning procedure - OK / Checked image quality - OK / Auto alignment and device calibration / Machine cleaning', 'System running', 2, 0),
(245, 448, '2023-09-26', '', 'Installed x-ray tube & DIJINN - OK / Performed POR alignment - OK / Performed ISO alignment / Performed filament calibration / Performed collimator calibration, noticed that the UPS has a warning status battery voltage low set / Performed system calibration / Tube warm up and phantom image test', 'The machine is fully functional and ready to use / We highly recommend to check/repair the UPS first before proceeding to the normal operation', 2, 0),
(246, 476, '2023-09-26', 'Planned Maintenance Service', 'Conducted PMS / Scan water phantom test / Image check / Machine cleaning', 'System running / We highly recommend to check/repair the UPS first before proceeding to the normal operation / We also recommend repair of the AC unit at the console area', 2, 0),
(247, 446, '2023-09-27', '', 'Re-wired switch / Replaced collimator bulb / Power on and functional test', 'System running', 2, 0),
(248, 445, '2023-09-28', '', 'Assisted FDA for Performance Testing / Performed series of test and measurement / Functional checks done / Performed gain and offset calibration', 'FDA Performance Testing - Done / System running', 2, 0),
(249, 474, '2023-12-01', '', '', '', 2, 0),
(250, 469, '2023-10-17', '', '', '', 2, 0),
(251, 8, '2023-12-12', '', '', '', 2, 0),
(252, 11, '2023-11-24', '', '', '', 2, 0),
(253, 468, '2023-10-03', '', '', '', 2, 0),
(254, 466, '2023-10-03', '', 'Clear Printer 366-5: PMS inspection and MT-Cart cleaning / Conducted PMS inspection and cleaning / Exercised the mechanical movement of patient table - OK / Phantom test and transferred image to radiant - OK', 'System running / Recommend to not change the IP address on radiant viewer', 2, 0),
(255, 347, '2023-10-04', '', 'Checked connections - OK / Checked boot-up sequence of the CR System - OK / Checked device calibration / Conducted PMS inspection and machine cleaning / Performed device calibration', 'System running', 2, 0),
(256, 349, '2023-10-04', '', 'Checked supply and power on / Checked all wiring connection - OK / Tightened the socket connection of bucky stand - OK / Checked all selection button & boot up sequence of control panel / Conducted PMS inspection and machine cleaning - done / Exposure test & image check', 'System running', 2, 0),
(257, 391, '2023-10-04', '', 'Checked RF unit and cable connections - OK / Boot up sequence / Patient table operation system are working and mechanical movements are functional / Checked and cleaned all phantom units / Checked room temperature and humidity / Checked MRI temperature control Pv/SV 28.5째C / Scan water phantom test and checked image quality / Performed machine and workstation cleaning', 'System running / As we noticed, the filter cleaning indicator of A/C in gantry room was lit. It indicates that the A/C was subjected for maintenance / Kindly perform maintenance of A/C to avoid major breakdown of the machine', 2, 0),
(258, 263, '2023-10-05', '', 'Checked wiring and cable connections - OK / Boot up sequence - OK / Cassette cleaning / Checked scanning procedure / Image quality check', 'System running', 2, 0),
(259, 269, '2023-10-05', '', 'Wiring and cable connections - OK / Boot up sequence / Checked parts and mechanical movements - OK / Exposure test / Image check / Machine cleaning and lubricated VCH', 'System running', 2, 0),
(260, 364, '2023-10-05', '', 'Checked all wiring and cable connections - OK / Machine mechanical movements are functional / Lubricated vertical railings / Exposure test and image quality check / Machine cleaning', 'System running', 2, 0),
(261, 371, '2023-10-05', '', 'Checked wiring and cable connections - OK / Boot up sequence / Cleaned cassettes / Checked scanning procedure / Image quality check / Machine cleaning', 'System running', 2, 0),
(262, 447, '2023-10-05', '', 'Installed new charger board / Adjusted voltage retapping to 240 VAC / Measured charger voltages both input & output - OK / Functional checks and exposure test - OK', 'System running / Due to intermittent main power fluctuation, we recommend to purchase and install an automatic voltage regulator (AVR) unit', 2, 0),
(263, 234, '2023-10-05', '', 'Conducted PMS inspection / Functional checks and exposure test - OK', 'System running', 2, 0),
(264, 493, '2023-10-05', '', 'Performed reset & adjustment of tube stand solenoid / Applied lubrication to mechanical parts / Functional testing', 'System running / Further observation', 2, 0),
(265, 484, '2023-10-06', '', 'Troubleshot the problem and found out that the CPU / motherboard / software has an intermittent blue screen problem (Windows couldn\'t load correctly) / Replaced new computer CPU / Installed flat panel application software & configured the setting of parameters / Functional checks & testing - OK', 'System running', 2, 0),
(266, 494, '2023-10-09', '', 'Checked and inspected collimator bulb, found out it was busted / Rewired and organized lose wiring connection / Replaced collimator light bulb / Power ON and functional testing - OK', 'System running', 2, 0),
(267, 277, '2023-10-10', '', 'Performed system power up but did not continue booting / Replaced bios onboard battery and performed bios system configuration - OK / Performed DARC software loading but an error occured / Performed serial overland loading but failed / We tried to perform full LFC software loading but still failed due to DARC HDD problem', 'System running / HDD is subjected for replacement', 2, 0),
(268, 497, '2023-02-07', '', 'Performed PMS inspection / Checked room temp and humidity / Tube warm up and scanned water phantom / Image quality check / Exercise mechanical movement / FDA Performance Testing', 'System running and ready to use', 2, 0),
(269, 499, '2023-06-27', '', 'Conducted PMS inspection / Air calibration / Scanned water phantom / Adjusted mA protocol', 'System running', 2, 0),
(270, 495, '2023-10-11', '', '', '', 2, 0),
(271, 502, '2023-01-11', '', 'Installation of CT Scan Machine was completed / Power ON and verified control boot-up sequence / Performed flash download - all system nodes OK / Performed system calibration / Performed gantry & table alignment / Performed scan water phantom and scan volunteer patient / Checked image quality - OK / Performed save state - OK / Performed installation of workstation DICOM transfer / Performed installation of PC computer & printer - test print OK', 'System running and ready for apps training', 2, 0),
(272, 504, '2023-10-10', '', 'Performed system power up but did not continue booting / Replaced bios onboard battery and performed bios system configuration - OK / Performed DARC software loading but an error occured / Performed serial overland loading but failed / We tried to perform full LFC software loading but still failed due to DARC HDD problem', 'System down / HDD is subjected for replacement', 2, 0),
(273, 479, '2023-10-11', '', 'Power ON and checked boot up sequence - OK / Checked all mechanical movements of the machine - OK / Performed exposure test / Checked image quality - OK', 'System running', 2, 0),
(274, 272, '2023-10-13', '', 'Performed PMS / Checked and organized wirings and cable connections - OK / All mechanical movements are working and functional / Checked boot up sequence and rotor - OK / Applied lubricant in all railings and VCH / Performed mA adjustment for exposure due to image problem but still encountered the same problem', 'We noticed that the HV tank may have caused the problem so we recommend to pull out the unit for further troubleshooting / System down', 2, 0),
(275, 93, '2023-10-13', '', 'Conducted PMS / Cleaned the machine / Exercised the mechanical movement of patient table - OK / Tube warm up and phantom test - OK', 'System running', 2, 0),
(276, 95, '2023-10-13', '', 'Checked input and output batteries - OK / Functional check - OK / Conducted PMS / Performed cleaning', 'System running', 2, 0),
(277, 99, '2023-10-13', '', 'Conducted PMS / Cleaned all cassettes / Checked boot up sequence of system - OK / Performed exposure test', 'System running', 2, 0),
(278, 514, '2023-10-13', '', 'Troubleshot and inspected the machine / Performed save system state / Checked cradle and connected switch cable and socket properly / Checked TCB power supply - OK / Reset all connection of TCB and restarted the system - OK / Tube warm up and phantom test / Flush download - OK', 'Scanning hardware reset successful / System running', 2, 0),
(279, 507, '2023-10-16', '', 'Replaced 2 pcs drive motor battery / Tested all mechanical movement up, down, rotate - OK / Test drive motor speed - OK / Checked collimator window - OK / Exposure test - OK', 'System running', 2, 0),
(280, 516, '2023-10-16', '', 'Measured input/output voltages - OK / Performed scanning and encountered sudden shutdown occured / Performed reset of A1 Panel / Panel Box / Monitored voltages using tester / Scanned several times successfully', 'System running / For further observation and we recommend for plain patient only (for 5 days) / Possible cause of problem is either A1 Panel / Panel Box or UPS', 2, 0),
(281, 97, '2023-10-16', '', 'Conducted PMS / Checked all wirings and cable connections / Boot up sequence / Checked all mechanical movement / Repaired center control button of tube arm / Exposure test / Checked image quality', 'System running', 2, 0),
(282, 101, '2023-10-16', '', 'Conducted PMS / Boot up sequence / Checked mechanical movements - OK / Exposure & Rotor test using IS / Cleaned machine', 'System running', 2, 0),
(283, 103, '2023-10-16', '', 'Conducted PMS / Checked all wirings and cable connections / Boot up sequence - OK / Checked all probes and functionality - OK', 'System running', 2, 0),
(284, 105, '2023-10-16', '', 'Conducted PMS / Boot up sequence / Checked wirings and cable connections / Checked all probes and functionality', 'System running', 2, 0),
(285, 107, '2023-10-16', '', 'Conducted PMS / Checked boot up sequence and rotor / All mechanical movements are functional / Performed exposure and rotor test using IS / Cleaned machine', 'System running', 2, 0),
(286, 508, '2023-10-17', '', 'Pulled out HV Tank', '', 2, 0),
(287, 500, '2023-10-17', '', 'Performed PMS / Checked patient table mechanical movement - OK / Scan water phantom test and checked the quality of image - OK / Cleaned the machine\'s interior & exterior', 'System running', 2, 0);

-- --------------------------------------------------------

--
-- Table structure for table `clients`
--

CREATE TABLE `clients` (
  `client_id` int(11) NOT NULL,
  `client_name` varchar(100) NOT NULL,
  `client_address` varchar(50) NOT NULL,
  `contact_person` varchar(75) NOT NULL,
  `contact_email` varchar(75) NOT NULL,
  `imglink` varchar(150) NOT NULL
) ENGINE=InnoDB DEFAULT CHARSET=utf8mb4;

--
-- Dumping data for table `clients`
--

INSERT INTO `clients` (`client_id`, `client_name`, `client_address`, `contact_person`, `contact_email`, `imglink`) VALUES
(1, 'Antipolo Hospital System Annex IV / Medical Gallery Trading Co.,', 'Antipolo, Rizal', 'Sir Shawn - 09613215445 / Ma\'am Lovely - 09303576868', 'shawnmichaelpnacional@gmail.com / medicalgallerytradingco@yahoo.com', '../image/uploads/mv santiago.webp'),
(2, 'Balayan Bayview Hospital and Medical Center', 'Balayan, Batangas', 'Admin - 09365852893', 'radiologydept085@gmail.com', '../image/uploads/mv santiago.webp'),
(3, 'Miraculous Faith Ultrasound and Diagnostic Center', 'Malolos, Bulacan', 'Ma\'am Elda (Owner) - 09258428713', 'miraculousfaith21@gmail.com', '../image/uploads/mv santiago.webp'),
(4, 'Para챰aque Doctors Hospital', 'Para챰aque City', 'Sir Vic - 0916.5312402', 'pdhpurch@yahoo.com / vic092073@gmail.com', '../image/uploads/mv santiago.webp'),
(5, 'Queen Mary Hospital', 'Ibaan, Batangas', 'Sir Ronald - 09556151221 / Hotline - 09773925212', 'queenmaryct2021@gmail.com', '../image/uploads/mv santiago.webp'),
(6, 'Saint Pascal de Baylon Hospital', 'San Pascual, Batangas', 'Ms. Emilia Nono - 09332280854', 'spdbhctscan@gmail.com', '../image/uploads/mv santiago.webp'),
(7, 'Silang Specialists Medical Center', 'Silang, Cavite', 'Property - 09777666428 / Ma\'am Arlyn - 09260671416 / 09258365897', 'radiologydept.ssmc@gmail.com / acbay07082019@gmail.com', '../image/uploads/mv santiago.webp'),
(8, 'St. John The Baptists Medical Center', 'Calamba, Laguna', 'Sir Richard - 09082114707 / 09154441795', 'richardsoloveres.rs@gmail.com', '../image/uploads/mv santiago.webp'),
(9, 'Bataan Doctors Hospital and Medical Center', 'Balanga, Bataan', 'Mary Gladys Almario', 'Louisray_23@yahoo.com', '../image/uploads/mv santiago.webp'),
(10, 'Centro Medico de Santisimo Rosario', 'Balanga, Bataan', 'Ma\'am Tin - 09088823527 / Ma\'am Katrina - 09517625437', 'cmsrradio2018@gmail.com', '../image/uploads/mv santiago.webp'),
(11, 'Queen Mary Hospital (Mobile Truck Clinic)', 'Abuyog, Leyte', 'Sir Jesson - 09685638277', 'qmh.abuyog@gmail.com', '../image/uploads/mv santiago.webp'),
(12, 'Global Care Medical Center of Canlubang', 'Calamba, Laguna', 'Sir Glen - 09568990363', 'radiologygcmcc@gmail.com / glennyasonlibas@gmail.com', '../image/uploads/mv santiago.webp'),
(13, 'Clinica Laguna Multispecialty Center and Diagnostics', 'Parian, Calamba', 'Ma\'am Mariz - 09959544578 / 09473245609 / 09178136647', 'clinicalaguna.cabuyao@yahoo.com', '../image/uploads/mv santiago.webp'),
(15, 'Medisafe Medical and Health Services', 'Pateros, Metro Manila', 'Dr. Kris Guevarra - 09178171389 / Sir Arjay - 09506287774', 'jtlabpateros@gmail.com', '../image/uploads/mv santiago.webp'),
(17, 'South Imus Specialists Hospital', 'Imus, Cavite', 'Ma\'am Vilma - 09605758220', 'radiology.sish@gmail.com', '../image/uploads/mv santiago.webp'),
(18, 'Clinica Laguna Multispecialty Center and Diagnostics (Cabuyao)', 'Cabuyao, Laguna', 'Ma\'am Mariz - 09959544578 / 09473245609 / 09178136647', 'clinicalaguna.cabuyao@yahoo.com', '../image/uploads/mv santiago.webp'),
(19, 'Medi-sky Diagnostic Center and Multispecialty Clinic', 'Malusak, Sta. Rosa, Laguna', 'Ma\'am Lyn (Owner) - 09175037931 / Ma\'am Wendy - 09473245603', 'mediskycorporation@gmail.com', '../image/uploads/mv santiago.webp'),
(20, 'Tanza Specialists Medical Center', 'Tanza, Cavite ', 'Property Dept. - 09399067537 / Radiology - 09171599409', 'tsmcradiology@gmail.com', '../image/uploads/mv santiago.webp'),
(21, 'Tayabas City Health Office (Mobile Truck Clinic) / Medical Gallery Trading Co.,', 'Tayabas, Quezon', 'Sir JC Manaig (Owner) - 09955501595 / Sir Arnel - 09177037482 /', 'tayabaschoxray@gmail.com / medicalgallerytradingco@yahoo.com', '../image/uploads/mv santiago.webp'),
(22, 'Teknomed Diagnostic Center', 'Quezon City', 'Ma\'am Twinkle - 09663178109 / Ma\'am Pauline - 09064194782', 'teknomed.reception@gmail.com', '../image/uploads/mv santiago.webp'),
(23, 'Healthline Multispecialty Center Medical and Laboratory Services', 'Ermita, Manila', 'Tech Erliza - 09481318788', 'healthlinemedicalservices@gmail.com', '../image/uploads/mv santiago.webp'),
(24, 'Bocaue Specialists Medical Center', 'Bocaue, Bulacan', 'Radiology Dept - 09688670804', 'bocauespecialistradiology@gmail.com', '../image/uploads/mv santiago.webp'),
(25, 'Apollo Hillside Clinic', 'Dasmari챰as, Cavite', 'Clinic - 09214994298 / 09985364348', 'apollohilsideclinic@gmail.com', '../image/uploads/mv santiago.webp'),
(26, 'San Lorenzo Ruiz Hospital', 'Naic, Cavite', 'Ma\'am Weng - 09959636092', 'ffshpharmabackup02@gmail.com / ', '../image/uploads/mv santiago.webp'),
(27, 'Holy Rosary of Cabuyao Hospital', 'Cabuyao, Laguna', 'Sir Mikee (Radtech) - 09274185206 / 09552782966 / 09328808690', 'david_mikael@rocketmail.com', '../image/uploads/mv santiago.webp'),
(28, 'Medical Center Imus', 'Imus, Cavite', 'Ma\'am Vilma (Chief Radtech) - 09288381304', 'mciradiology@gmail.com', '../image/uploads/mv santiago.webp'),
(29, 'Ospital ng Imus / Medical Gallery Trading Co.,', 'Imus, Cavite', 'Sir Urah - 09171737236', 'oniradio@yahoo.com', '../image/uploads/mv santiago.webp'),
(30, 'Los Ba챰os Doctors Hospital and Medical Center', 'Los Ba챰os, Laguna', 'Ma\'am Hazel (Chief Tech) - 09177356713 / Sir Rowie 09913069178', 'facilities_management@lbdhmc.com.ph / ngcabrera@lbdhmc.com.ph', '../image/uploads/mv santiago.webp'),
(31, 'Bi챰an Doctors Hospital Inc.', 'Bi챰an, Laguna', 'Sir Nelson - 09178175568', 'nelsonvierneza@gmail.com', '../image/uploads/mv santiago.webp'),
(32, 'Our Lady of Pillar Medical Center', 'Imus, Cavite ', 'Sir Mac - 09656404286 / Ma\'am Klarisse - 09951390107', 'rad-004@olpmc.net / makalaw@olpmc.net / cnatividad@olpmc.net', '../image/uploads/mv santiago.webp'),
(33, 'M. Diagnostics Philippines Inc.', 'Pasay City', 'Dr. Christopher Hernandez - 09171555933', 'christopherhernandez@mdx.ph', '../image/uploads/mv santiago.webp'),
(34, 'Assumption Specialty Hospital and Medical Center', 'Antipolo, Rizal', 'Radiology Dept - 09458644642 / Sir Jon - 09472816344', 'ashmc.radiology@gmail.com / purchasing@ashmc.ph', '../image/uploads/mv santiago.webp'),
(35, 'City of General Trias Doctors Medical Center', 'General Trias, Cavite', 'Radiology Dept - 09985749480 / Ma\'am Eva (Property) - 09179243487', 'Radiology_gtdmc@yahoo.com.ph / kcrrtmha.radiologydept@gmail.com / ppdgtdmc@', '../image/uploads/mv santiago.webp'),
(36, 'Pinpoint Medical and Diagnostic Center', 'Angono, Rizal', 'Dr. Besana - 09163712665', 'pinpointmdc@gmail.com', '../image/uploads/mv santiago.webp'),
(44, ' Test Client', 'Client, Address', 'test ppersone / 092130912039', 'testperson@gmail.com', '../image/uploads/mv santiago.webp'),
(45, 'San Mateo Medical Center', 'San Mateo, Rizal', 'Sir Ritchie', ' smmcpurchasingdept@gmail.com / sanmateomedicalcenter.radiology@gmail.com', '../image/uploads/mv santiago.webp'),
(46, 'Rogaciano M. Mercado Memorial Hospital / Medical Gallery Trading Co.,', 'Sta.Maria, Bulacan', 'Ma\'am Lulu- 09273221091 / Ma\'am Winny - 09974874857 / 09152125440', 'medicalgallerytradingco@yahoo.com', '../image/uploads/mv santiago.webp'),
(65, 'Test ', 'Ragos', 'ragoragos', 'ragos@gmail.com', '../image/uploads/RAGOS_LARRY.jpg'),
(66, 'Bacoor Doctors Medical Center Hospital', 'Bacoor, Cavite', 'Sir Julius (Chief RT) - 09985515086', 'bdmc.radiology@gmail.com', '../image/uploads/352479396_978701793574802_4879952464577057909_n.jpg'),
(67, 'Calamba Doctors Hospital', 'Calamba, Laguna', 'Ma\'am Lyka - 09283334304', 'lykamandanascdhradiology@gmail.com', '../image/uploads/352479396_978701793574802_4879952464577057909_n.jpg'),
(68, 'Cavite East Asia Medical Center', 'Bacoor, Cavite', 'Ma\'am Carlotta - 09985753917', 'lotiediaz@yahoo.com.ph / samcpurchasing19@gmail.com', '../image/uploads/352479396_978701793574802_4879952464577057909_n.jpg'),
(69, 'Centralle Medical Diagnostics and Polyclinic', 'Caloocan City', 'Ma\'am Joan - 09178851777', 'centrallemain@gmail.com', '../image/uploads/352479396_978701793574802_4879952464577057909_n.jpg'),
(70, 'Centria Medical Services and Diagnostic Center', 'Malolos, Bulacan', 'Ma\'am Irish - 09352552631', 'centriamedservice@gmail.com', '../image/uploads/352479396_978701793574802_4879952464577057909_n.jpg'),
(71, 'Eastern Doctors Medical Services', 'Ermita, Manila', 'Ma\'am April Joy - 09928302293 / Sir Billy - 09063212516', 'edmsi.accounting@yahoo.com / edmsi.radiology4@gmail.com', '../image/uploads/352479396_978701793574802_4879952464577057909_n.jpg'),
(72, 'Global Medical Center of  Laguna', 'Cabuyao, Laguna', 'Ma\'am Charisse -', 'chrsstrrs@gmail.com', '../image/uploads/352479396_978701793574802_4879952464577057909_n.jpg'),
(73, 'Insorio Multi-specialty Clinic and Laboratory', 'Bi챰an, Laguna', 'Pat Celerio - 09953644003 / Dra. Insorio - 09178730220', 'insorio.clinic2015@gmail.com', '../image/uploads/352479396_978701793574802_4879952464577057909_n.jpg'),
(74, 'Leoncio General Hospital', 'Brookespoint, Palawan', 'Radiology Dept. - 09156847609', 'leoncio_general_hospital@yahoo.com.ph / lghctscan2@gmail.com', '../image/uploads/352479396_978701793574802_4879952464577057909_n.jpg'),
(75, 'Luzon Medical Center', 'Dagupan, Pangasinan', 'Sir Denver - 09518761207 / Sir Red 09500478699', 'luzonmedical@gmail.com / dokgilbertbagood17@gmail.com', '../image/uploads/352479396_978701793574802_4879952464577057909_n.jpg'),
(76, 'Mendez Specialists Medical Center', 'Mendez, Cavite', 'Ma\'am Anz', 'annz0927@gmail.com', '../image/uploads/352479396_978701793574802_4879952464577057909_n.jpg'),
(77, 'Pacific Global Medical Center', 'Novaliches, Quezon City', 'Sir Jayson - 09453500996', 'jaysonbareno@gmail.com / pgmcclarino@gmail.com', '../image/uploads/352479396_978701793574802_4879952464577057909_n.jpg'),
(78, 'Pamana Medical Center', 'Calamba, Laguna', 'Radiology Dept - 09158322342', 'pamanaradiology@gmail.com / pamana_medical_center@yahoo.com', '../image/uploads/352479396_978701793574802_4879952464577057909_n.jpg'),
(79, 'RT Lim Family Hospital / Juniper 3 Procurement Corp.', 'Zamboanga Sibugay', 'Al Shamir - 09361320730', 'oewiemiggs@gmail.com / jrrebayno@juniper3medical.com', '../image/uploads/352479396_978701793574802_4879952464577057909_n.jpg'),
(80, 'Valenzuela Citicare', 'Valenzuela City', 'Sir Clarence - 09088617594', 'cldeleon@citicare.com.ph', '../image/uploads/352479396_978701793574802_4879952464577057909_n.jpg');

-- --------------------------------------------------------

--
-- Table structure for table `contract`
--

CREATE TABLE `contract` (
  `contract_id` int(50) NOT NULL,
  `client_id` int(11) NOT NULL,
  `machine_type` int(11) NOT NULL,
  `brand` varchar(50) NOT NULL,
  `model` varchar(100) NOT NULL,
  `frequency` varchar(20) NOT NULL,
  `turn_over` date NOT NULL,
  `coverage` date NOT NULL,
  `pTurn_over` date NOT NULL DEFAULT current_timestamp(),
  `pCoverage` date NOT NULL DEFAULT current_timestamp(),
  `status` int(1) NOT NULL DEFAULT 1,
  `count` int(11) NOT NULL,
  `total` int(11) NOT NULL,
  `sv_call` int(11) DEFAULT 0,
  `isActive` int(11) DEFAULT 1
) ENGINE=InnoDB DEFAULT CHARSET=utf8mb4;

--
-- Dumping data for table `contract`
--

INSERT INTO `contract` (`contract_id`, `client_id`, `machine_type`, `brand`, `model`, `frequency`, `turn_over`, `coverage`, `pTurn_over`, `pCoverage`, `status`, `count`, `total`, `sv_call`, `isActive`) VALUES
(1, 1, 1, 'GE', 'Test', '1', '2023-09-11', '2024-09-09', '2023-09-01', '2024-04-17', 2, 0, 4, 4, 0),
(2, 1, 1, 'GE', 'LIGHTSPEED', '1', '2023-07-16', '2024-07-15', '0000-00-00', '0000-00-00', 2, 2, 4, 4, 0),
(3, 1, 1, 'GE', 'Brightspeed', '1', '2023-07-16', '2024-07-15', '0000-00-00', '0000-00-00', 2, 3, 4, 4, 1),
(4, 34, 3, 'JPI', 'DRE', '3', '2023-09-04', '2024-09-03', '0000-00-00', '0000-00-00', 2, 0, 1, 1, 1),
(5, 1, 9, 'JPI', 'Examvue', '3', '2023-09-04', '2024-09-03', '0000-00-00', '0000-00-00', 2, 0, 1, 1, 0),
(6, 1, 9, 'JPI', 'Examvue', '3', '2023-09-04', '2024-09-03', '0000-00-00', '0000-00-00', 2, 0, 1, 1, 0),
(7, 1, 7, 'Chison', 'QBit7', '3', '2023-09-04', '2024-09-03', '0000-00-00', '0000-00-00', 2, 0, 1, 1, 0),
(8, 1, 7, 'Chison', 'QBit7', '3', '2023-09-04', '2024-09-03', '0000-00-00', '0000-00-00', 2, 0, 1, 1, 0),
(9, 34, 7, 'Chison', 'QBit7', '3', '2023-09-04', '2024-09-03', '0000-00-00', '0000-00-00', 2, 0, 1, 1, 0),
(10, 34, 9, 'JPI', 'Examvue', '3', '2023-09-04', '2024-09-03', '0000-00-00', '0000-00-00', 2, 0, 1, 1, 1),
(11, 34, 9, 'JPI', 'Examvue', '3', '2023-09-04', '2024-09-03', '0000-00-00', '0000-00-00', 2, 0, 1, 1, 1),
(12, 34, 7, 'Chison', 'QBit7', '3', '2023-09-04', '2024-09-03', '0000-00-00', '0000-00-00', 2, 0, 1, 1, 1),
(13, 34, 7, 'Chison', 'QBit7', '3', '2023-09-04', '2024-09-03', '0000-00-00', '0000-00-00', 2, 0, 1, 1, 1),
(14, 34, 7, 'Chison', 'QBit7', '3', '2023-09-04', '2024-09-03', '0000-00-00', '0000-00-00', 2, 0, 1, 1, 1),
(15, 2, 1, 'GE', 'Brightspeed', '1', '2023-02-02', '2024-02-01', '0000-00-00', '0000-00-00', 2, 2, 4, 4, 0),
(16, 2, 3, 'Picker', 'COL', '1', '2023-05-25', '2024-05-24', '0000-00-00', '0000-00-00', 2, 2, 4, 3, 1),
(17, 67, 4, 'Shimadzu', 'FD100M-3', '1', '2023-09-05', '2024-09-04', '0000-00-00', '0000-00-00', 2, 3, 4, 3, 1),
(18, 69, 1, 'GE', 'Lightspeed (8 Slice)', '1', '2022-11-29', '2023-11-28', '2022-11-29', '2023-05-29', 1, 1, 4, 0, 1),
(19, 12, 1, 'GE', 'Revolution', '1', '2022-09-28', '2024-09-27', '0000-00-00', '0000-00-00', 2, 4, 8, 24, 1),
(20, 72, 1, 'GE', 'Brivo', '1', '2023-07-03', '2024-12-31', '0000-00-00', '0000-00-00', 2, 5, 6, 0, 1),
(21, 32, 7, 'Accuvix', 'XG', '1', '2023-02-21', '2024-02-20', '0000-00-00', '0000-00-00', 2, 2, 4, 4, 1),
(22, 78, 3, 'JPI', 'DRE', '1', '2023-02-20', '2024-02-19', '0000-00-00', '0000-00-00', 2, 1, 4, 4, 1),
(23, 4, 1, 'GE', 'Revolution', '1', '2023-03-31', '2024-03-30', '0000-00-00', '0000-00-00', 2, 1, 4, 3, 1),
(24, 26, 4, 'Allengers', 'Mars 6R', '1', '2022-11-04', '2023-11-03', '0000-00-00', '0000-00-00', 2, 0, 4, 2, 1),
(25, 7, 1, 'GE', 'Brivo', '1', '2023-01-26', '2024-01-25', '0000-00-00', '0000-00-00', 2, 0, 4, 2, 1),
(26, 7, 3, 'Listem', 'REX', '1', '2023-07-06', '2024-07-05', '0000-00-00', '0000-00-00', 2, 2, 4, 4, 1),
(27, 7, 9, 'JPI', 'EXAMVUE', '1', '2023-07-06', '2024-07-05', '0000-00-00', '0000-00-00', 2, 2, 4, 4, 1),
(28, 7, 4, 'GE', 'AMX4', '1', '2023-07-06', '2024-07-05', '0000-00-00', '0000-00-00', 2, 2, 4, 4, 1),
(29, 7, 4, 'BMI', 'JOLLY 30 PLUS', '1', '2023-07-06', '2024-07-05', '0000-00-00', '0000-00-00', 2, 2, 4, 4, 1),
(30, 7, 7, 'Medison', 'SonoAce R5', '1', '2023-07-06', '2024-07-05', '0000-00-00', '0000-00-00', 2, 2, 4, 4, 1),
(31, 7, 7, 'Medison', 'SonoAce R7', '1', '2023-07-06', '2024-07-05', '0000-00-00', '0000-00-00', 2, 2, 4, 4, 1),
(32, 7, 2, 'NOVOTECH', 'INVT', '1', '2023-07-06', '2024-07-05', '0000-00-00', '0000-00-00', 2, 2, 4, 4, 1),
(33, 17, 3, 'JPI', 'DRE 140', '1', '2023-01-25', '2024-01-24', '1970-01-01', '1970-01-01', 1, 3, 4, 2, 0),
(34, 17, 3, 'JPI', 'DRE', '1', '2023-01-25', '2024-01-24', '0000-00-00', '0000-00-00', 2, 1, 4, 2, 1),
(35, 17, 9, 'JPI', 'Examvue', '1', '2023-01-25', '2024-01-24', '0000-00-00', '0000-00-00', 2, 1, 4, 1, 1),
(36, 17, 4, 'Perlove', 'PLX', '1', '2023-01-25', '2024-01-24', '0000-00-00', '0000-00-00', 2, 1, 4, 1, 1),
(37, 2, 1, 'GE', 'Brightspeed', '1', '2023-02-02', '2024-02-01', '0000-00-00', '0000-00-00', 2, 1, 4, 4, 1),
(38, 66, 9, 'JPI', 'Examvue', '1', '2023-04-11', '2025-04-10', '2023-04-11', '2025-04-10', 1, 6, 8, 0, 1),
(39, 2, 9, 'JPI Wireless Flat Panel Detector', '1500 CW', '1', '2023-03-01', '2024-08-31', '2023-03-01', '2024-08-31', 1, 3, 6, 0, 1),
(40, 9, 10, 'Olympus', 'Evis Exera II 180', '1', '2023-02-16', '2024-08-15', '2023-02-16', '2024-02-15', 1, 3, 5, 0, 1),
(41, 24, 3, 'JPI', 'DRE 140', '1', '2022-06-13', '2026-06-12', '2022-06-13', '2025-06-12', 1, 10, 16, 0, 1),
(42, 24, 4, 'Dongmun', 'DM525-MR', '1', '2022-06-13', '2026-06-12', '2022-06-13', '2025-06-12', 1, 11, 16, 0, 0),
(43, 24, 4, 'Hitachi', 'Sirius', '1', '2022-06-13', '2026-06-12', '2022-06-13', '2025-06-12', 1, 12, 12, 0, 0),
(44, 24, 6, 'Genoray', 'Oscar Classic', '1', '2022-06-13', '2026-06-12', '2022-06-13', '2025-06-12', 1, 12, 12, 0, 0),
(45, 24, 9, 'JPI', 'Examvue Pro', '1', '2022-06-13', '2026-06-12', '2022-06-13', '2025-06-12', 1, 16, 16, 0, 0),
(46, 67, 5, 'Genoray', 'DMX-600', '2', '2023-03-17', '2028-03-16', '2023-03-17', '2026-03-16', 1, 9, 10, 0, 1),
(47, 68, 6, 'Dongmun', 'Xeno 360', '1', '2023-03-17', '2026-03-16', '2023-03-17', '2026-03-16', 1, 10, 12, 0, 1),
(48, 70, 1, 'GE', 'Lightspeed (16 Slice)', '1', '2023-03-20', '2026-03-19', '2023-03-20', '2024-03-19', 1, 9, 12, 0, 1),
(49, 10, 1, 'Dongmun', 'DM-525MR', '1', '2022-08-22', '2025-08-21', '2022-08-22', '2024-08-21', 1, 12, 12, 0, 0),
(50, 10, 10, 'Olympus', 'Evis Exera II 180', '1', '2022-08-22', '2024-02-21', '2022-08-22', '2023-08-21', 1, 4, 6, 0, 1),
(51, 35, 8, 'Anke', 'Openmark III', '2', '2019-01-18', '2024-01-17', '2019-01-18', '2024-01-17', 1, 4, 7, 0, 0),
(52, 35, 6, 'Genoray', 'Oscar Prime', '1', '2023-04-26', '2025-04-25', '2023-04-26', '2025-04-25', 1, 6, 8, 0, 1),
(53, 71, 9, 'JPI Wireless Flat Panel Detector', '1500 CW', '1', '2023-05-25', '2024-05-24', '2023-05-25', '2024-05-24', 1, 2, 3, 0, 0),
(54, 23, 3, 'GE', 'KX-21', '1', '2022-05-19', '2024-05-18', '2022-05-19', '2023-05-18', 1, 6, 8, 0, 0),
(55, 23, 9, 'JPI', 'Examvue Pro', '1', '2022-05-19', '2024-05-18', '2022-05-19', '2024-05-18', 1, 2, 8, 0, 1),
(56, 73, 3, 'GE', 'KX-21', '1', '2023-04-03', '2024-04-02', '2023-04-03', '2024-04-02', 1, 1, 3, 0, 0),
(57, 74, 1, 'GE', 'Brightspeed (8 Slice)', '2', '2023-03-17', '2026-03-16', '2023-03-17', '2026-03-16', 1, 5, 6, 0, 1),
(58, 75, 1, 'GE', 'Lightspeed', '1', '2023-01-20', '2028-01-19', '2023-01-20', '2025-01-19', 1, 16, 20, 0, 0),
(59, 33, 7, 'Chison', 'QBit7', '1', '2022-07-21', '2024-07-20', '2022-07-21', '2024-07-20', 1, 3, 8, 0, 1),
(60, 15, 3, 'GE', 'KX-21', '1', '2021-12-14', '2023-12-13', '2021-12-14', '2022-12-13', 1, 1, 8, 0, 1),
(61, 15, 9, 'Carestream', 'Vita XE', '1', '2021-12-14', '2023-12-13', '2021-12-14', '2022-12-13', 1, 1, 8, 0, 1),
(62, 76, 1, 'GE', 'Brivo 325 (Dual Slice)', '1', '2023-07-14', '2025-07-13', '2023-07-14', '2025-07-13', 1, 7, 7, 0, 1),
(63, 76, 4, 'Dongmun', 'DM-525MR', '1', '2023-07-14', '2025-07-13', '2023-07-14', '2025-07-13', 1, 7, 7, 0, 1),
(64, 76, 9, 'JPI', 'Examvue Pro', '1', '2023-07-14', '2025-07-13', '2023-07-14', '2025-07-13', 1, 7, 7, 0, 1),
(65, 77, 5, 'Genoray', 'DMX-600', '2', '2023-09-07', '2026-09-06', '2023-09-07', '2026-09-06', 1, 6, 6, 0, 1),
(66, 36, 9, 'JPI', 'Examvue Pro', '1', '2022-07-27', '2024-07-26', '2022-07-27', '2024-07-26', 1, 7, 7, 0, 0),
(67, 11, 1, 'GE', 'Hispeed CTe', '1', '2022-08-15', '2024-02-14', '2022-08-15', '2024-02-14', 1, 5, 5, 0, 0),
(68, 79, 1, 'Anke', 'Clarity (64 Slice)', '2', '2022-11-17', '2027-11-16', '2022-11-17', '2027-11-16', 1, 8, 10, 0, 1),
(69, 6, 1, 'GE', 'Brightspeed (16 Slice)', '1', '2021-08-27', '2025-08-26', '2021-08-27', '2023-08-26', 1, 11, 16, 0, 0),
(70, 6, 9, 'JPI Wireless Flat Panel Detector', '1500 CW', '1', '2023-05-31', '2024-11-30', '2023-05-31', '2024-11-30', 1, 5, 6, 0, 1),
(71, 26, 3, 'JPI', 'DRE 140', '1', '2022-08-20', '2024-08-19', '2022-08-20', '2024-08-19', 1, 3, 8, 0, 1),
(72, 26, 9, 'JPI', 'Examvue Pro', '1', '2022-08-20', '2024-08-19', '2022-08-20', '2024-08-19', 1, 3, 8, 0, 1),
(73, 45, 5, 'Genoray', 'DMX-600', '2', '2023-08-22', '2026-08-21', '2023-08-22', '2026-08-21', 1, 5, 5, 0, 0),
(74, 8, 1, 'GE', 'Lightspeed (16 Slice)', '1', '2023-01-16', '2025-01-15', '2023-01-16', '2025-01-15', 1, 4, 8, 0, 1),
(75, 22, 3, 'GE', 'KX-21', '1', '2022-03-02', '2024-03-01', '2022-03-02', '2023-03-02', 1, 3, 4, 0, 0),
(76, 22, 3, 'GE', 'KX-21', '1', '2022-03-02', '2024-03-01', '2022-03-02', '2023-03-01', 1, 1, 8, 0, 1),
(77, 22, 9, 'Fujifilm', 'FCR Prima T2', '1', '2022-03-02', '2024-03-01', '2022-03-02', '2023-03-01', 1, 1, 8, 0, 1),
(78, 24, 4, 'Hitachi', 'Sirius', '1', '2022-06-13', '2026-06-12', '0000-00-00', '0000-00-00', 1, 10, 16, 0, 1),
(79, 24, 4, 'Dongmun', 'DM-525MR', '1', '2022-06-13', '2026-06-12', '2022-06-13', '2025-06-12', 1, 10, 16, 0, 1),
(80, 24, 6, 'Genoray', 'Oscar Classic', '1', '2022-06-13', '2026-06-12', '2022-06-13', '2025-06-13', 1, 10, 16, 0, 1),
(81, 24, 9, 'JPI', 'Examvue Pro', '1', '2022-06-13', '2026-06-12', '2022-06-13', '2025-06-12', 1, 10, 16, 0, 1),
(82, 10, 4, 'Dongmun', 'DM-525R', '1', '2022-08-22', '2025-08-21', '2022-08-22', '2024-08-21', 1, 10, 12, 0, 0),
(83, 24, 4, 'Dongmun', 'DM-525MR', '1', '2022-08-22', '2025-08-21', '2022-08-22', '2024-08-21', 1, 12, 12, 0, 0),
(84, 10, 4, 'Dongmun', 'DM-525MR', '1', '2022-08-22', '2025-08-21', '2022-08-22', '2024-08-21', 1, 11, 12, 0, 0),
(85, 10, 4, 'Dongmun', 'DM-525MR', '1', '2022-08-22', '2025-08-21', '2022-08-22', '2024-08-21', 1, 6, 12, 0, 1),
(86, 23, 3, 'GE', 'KX-21', '1', '2022-05-19', '2024-05-18', '2022-05-19', '2024-05-18', 1, 2, 8, 0, 1),
(87, 73, 3, 'GE', 'XR-21', '1', '2023-04-03', '2024-04-02', '2023-04-03', '2024-04-02', 1, 2, 4, 0, 1),
(88, 6, 1, 'GE', 'Brightspeed (16 Slice)', '1', '2021-08-27', '2025-08-26', '2021-08-27', '2023-08-26', 1, 8, 16, 0, 1),
(89, 35, 8, 'Anke', 'Openmark III', '2', '2019-01-18', '2024-01-17', '2019-01-18', '2024-01-17', 1, 7, 9, 0, 0),
(90, 35, 8, 'Anke', 'Openmark III', '2', '2019-01-18', '2024-01-17', '2019-01-18', '2024-01-17', 1, 0, 10, 0, 1),
(91, 71, 9, 'JPI Wireless Flat Panel Detector', '1500 CW', '1', '2023-05-25', '2024-05-24', '2023-05-25', '2024-05-24', 1, 2, 4, 0, 1),
(92, 36, 9, 'JPI', 'Examvue Pro', '1', '2022-07-27', '2024-07-26', '2022-07-27', '2024-07-26', 1, 4, 8, 0, 1),
(93, 11, 1, 'GE', 'Hispeed CTe', '1', '2022-08-15', '2024-02-14', '2022-08-15', '2024-02-14', 1, 4, 6, 0, 1),
(94, 10, 1, 'GE', 'Revolution', '1', '2023-09-15', '2024-09-14', '0000-00-00', '0000-00-00', 2, 3, 4, 2, 1),
(95, 10, 3, 'Fujifilm', 'FDR', '1', '2023-09-15', '2024-09-14', '0000-00-00', '0000-00-00', 2, 3, 4, 1, 1),
(96, 1, 1, 'ge', 'brivo', '1', '2023-09-26', '2024-09-25', '1970-01-01', '1970-01-01', 2, 0, 3, 4, 0),
(97, 1, 1, 'ge', 'brivo', '1', '2023-09-26', '2024-09-25', '1970-01-01', '1970-01-01', 2, 0, 3, 4, 0),
(98, 45, 5, 'Genoray', 'DMX-600', '2', '2023-08-22', '2026-08-21', '2023-08-22', '2026-08-21', 1, 6, 6, 0, 1),
(99, 75, 1, 'GE', 'Lightspeed', '1', '2023-01-20', '2028-01-19', '2023-01-20', '2025-01-19', 1, 17, 20, 0, 1),
(100, 2, 1, 'Ge', 'Balayan', '1', '2023-10-17', '2024-10-17', '2023-10-17', '2023-10-17', 1, 4, 4, 0, 0),
(101, 12, 1, 'GE', 'Brivo', '1', '2023-07-03', '2024-12-31', '1970-01-01', '1970-01-01', 2, 6, 6, 0, 0);

-- --------------------------------------------------------

--
-- Table structure for table `contract_type`
--

CREATE TABLE `contract_type` (
  `contract_id` int(11) NOT NULL,
  `quarterly` int(1) NOT NULL DEFAULT 1,
  `semi-annual` int(1) NOT NULL DEFAULT 2,
  `annual` int(1) NOT NULL DEFAULT 3
) ENGINE=InnoDB DEFAULT CHARSET=utf8mb4;

-- --------------------------------------------------------

--
-- Table structure for table `machine`
--

CREATE TABLE `machine` (
  `machine_id` int(11) NOT NULL,
  `machine_type` varchar(30) NOT NULL,
  `machine_model` varchar(50) NOT NULL
) ENGINE=InnoDB DEFAULT CHARSET=utf8mb4;

--
-- Dumping data for table `machine`
--

INSERT INTO `machine` (`machine_id`, `machine_type`, `machine_model`) VALUES
(1, '1', ' GE / BrightSpeed 16 Slice'),
(2, '1', 'GE CTe / GE HiSpeed FXI'),
(3, '', 'GE / Revolution ACT'),
(4, '', 'GE / HiSpeed CTe Dual'),
(5, '', 'GE / Brivo 385 Series'),
(6, '1', 'GE / LightSpeed 16 Slice'),
(7, '1', 'GE Hispeed CTe'),
(8, '1', 'GE ct scan revolutionACT 16 slice'),
(9, '2', 'CT-Scan UPS'),
(10, '3', 'Picker '),
(11, '3', 'GE KX-21 / 300mA'),
(12, '3', 'Maxicon '),
(13, '3', 'DRE 140 / 500mA'),
(14, '3', 'Listem REX 525R'),
(15, '3', 'Dongmun / DM5125'),
(16, '3', 'KX-21/300ma'),
(17, '3', 'xray 300ma GE'),
(18, '3', 'JPI Healthcare DRE 140 / 500 mA'),
(19, '3', 'fuji smart fb'),
(20, '3', 'xray machine'),
(21, '3', 'xray machine 500ma'),
(22, '4', 'GE Refurbished & Jolly 30 Plus'),
(23, '4', 'Perlove PLX 101C'),
(24, '4', 'Dongmun DM525 MR / 400 mA'),
(25, '4', 'dongmun dm-525mr'),
(26, '4', 'Hitachi Sirius'),
(27, '5', 'Dongmun / DMX-600'),
(28, '5', 'Anke ASR4000'),
(29, '6', 'Genoray Zen2090 Pro'),
(30, '6', 'Genoray Oscar'),
(31, '7', 'Hitachi Aloka Prosound 2D Echo / Toshiba Xario Ult'),
(32, '7', 'Medison / Voluson / Voluson S6'),
(33, '7', 'Sonoace R5'),
(34, '7', 'Sonoace R7'),
(35, '7', 'Chison QBit7'),
(36, '8', 'Airis .3 Tesla '),
(37, '8', 'Openmark III'),
(38, '9', 'Carestream DirectView '),
(39, '9', 'Carestream Vita'),
(40, '9', 'Carestream Vita XE'),
(41, '9', 'Examvue CR PRO'),
(42, '9', 'Fuji Prima T2'),
(43, '10', 'Evis Exera II'),
(44, '11', 'clear 366-5 dry film medical printer');

-- --------------------------------------------------------

--
-- Table structure for table `machine_type`
--

CREATE TABLE `machine_type` (
  `machine_id` int(11) NOT NULL,
  `machine_name` varchar(50) NOT NULL
) ENGINE=InnoDB DEFAULT CHARSET=utf8mb4;

--
-- Dumping data for table `machine_type`
--

INSERT INTO `machine_type` (`machine_id`, `machine_name`) VALUES
(1, 'CT SCAN MACHINE'),
(2, 'CT SCAN UPS'),
(3, 'GENERAL XRAY MACHINE'),
(4, 'PORTABLE / MOBILE XRAY MACHINE'),
(5, 'MAMMOGRAPHY MACHINE'),
(6, 'C-ARM MACHINE'),
(7, 'ULTRASOUND MACHINE'),
(8, 'MRI MACHINE'),
(9, 'CR SYSTEM MACHINE'),
(10, 'ENDOSCOPY MACHINE'),
(11, 'PRINTER MACHINE');

-- --------------------------------------------------------

--
-- Table structure for table `notification`
--

CREATE TABLE `notification` (
  `id` int(11) NOT NULL,
  `title` varchar(100) NOT NULL,
  `content` text NOT NULL,
  `is_general` tinyint(1) NOT NULL DEFAULT 0,
  `created_at` datetime NOT NULL,
  `isSchedule` tinyint(1) NOT NULL DEFAULT 0,
  `schedule_id` int(11) DEFAULT NULL
) ENGINE=InnoDB DEFAULT CHARSET=utf8mb4;

--
-- Dumping data for table `notification`
--

INSERT INTO `notification` (`id`, `title`, `content`, `is_general`, `created_at`, `isSchedule`, `schedule_id`) VALUES
(1, 'Service Assigned', 'You have been asigned for schedule no.#2 at Sep 12, 2023', 0, '2023-09-12 08:18:58', 1, 2),
(2, 'Schedule Service Done', 'Your schedule no:#2 has been verified', 0, '2023-09-12 08:19:33', 1, 2),
(3, 'Schedule Service Done', 'Your schedule no:#3 has been verified', 0, '2023-09-12 08:20:32', 1, 3),
(4, 'Schedule Service Done', 'Your schedule no:#4 has been verified', 0, '2023-09-12 08:20:32', 1, 4),
(5, 'Service Assigned', 'You have been asigned for schedule no.#6 at Sep 12, 2023', 0, '2023-09-12 08:22:58', 1, 6),
(6, 'Schedule Service Done', 'Your schedule no:#6 has been verified', 0, '2023-09-12 08:23:22', 1, 6),
(7, 'Schedule Service Done', 'Your schedule no:#7 has been verified', 0, '2023-09-12 08:23:57', 1, 7),
(8, 'Schedule Service Done', 'Your schedule no:#10 has been verified', 0, '2023-09-12 09:00:39', 1, 10),
(9, 'Schedule Service Done', 'Your schedule no:#14 has been verified', 0, '2023-09-12 10:35:10', 1, 14),
(10, 'Schedule Service Done', 'Your schedule no:#15 has been verified', 0, '2023-09-12 10:35:32', 1, 15),
(11, 'Schedule Service Done', 'Your schedule no:#16 has been verified', 0, '2023-09-12 10:35:50', 1, 16),
(12, 'Schedule Service Done', 'Your schedule no:#17 has been verified', 0, '2023-09-12 10:36:08', 1, 17),
(13, 'Schedule Service Done', 'Your schedule no:#18 has been verified', 0, '2023-09-12 10:37:02', 1, 18),
(14, 'Schedule Service Done', 'Your schedule no:#46 has been verified', 0, '2023-09-12 12:56:44', 1, 46),
(15, 'Schedule Service Done', 'Your schedule no:#48 has been verified', 0, '2023-09-12 01:01:28', 1, 48),
(16, 'Schedule Service Done', 'Your schedule no:#50 has been verified', 0, '2023-09-12 01:08:25', 1, 50),
(17, 'Schedule Service Done', 'Your schedule no:#51 has been verified', 0, '2023-09-12 01:08:25', 1, 51),
(18, 'Schedule Service Done', 'Your schedule no:#54 has been verified', 0, '2023-09-12 01:16:59', 1, 54),
(19, 'Schedule Service Done', 'Your schedule no:#56 has been verified', 0, '2023-09-12 01:19:42', 1, 56),
(20, 'Schedule Service Done', 'Your schedule no:#58 has been verified', 0, '2023-09-12 01:24:00', 1, 58),
(21, 'Schedule Service Done', 'Your schedule no:#60 has been verified', 0, '2023-09-12 01:28:53', 1, 60),
(22, 'Schedule Service Done', 'Your schedule no:#62 has been verified', 0, '2023-09-12 01:33:53', 1, 62),
(23, 'Schedule Service Done', 'Your schedule no:#64 has been verified', 0, '2023-09-12 01:37:05', 1, 64),
(24, 'Schedule Service Done', 'Your schedule no:#66 has been verified', 0, '2023-09-12 01:44:51', 1, 66),
(25, 'Schedule Service Done', 'Your schedule no:#68 has been verified', 0, '2023-09-12 01:47:32', 1, 68),
(26, 'Schedule Service Done', 'Your schedule no:#70 has been verified', 0, '2023-09-12 01:53:28', 1, 70),
(27, 'Schedule Service Done', 'Your schedule no:#72 has been verified', 0, '2023-09-12 01:56:14', 1, 72),
(28, 'Schedule Service Done', 'Your schedule no:#74 has been verified', 0, '2023-09-12 02:07:20', 1, 74),
(29, 'Schedule Service Done', 'Your schedule no:#76 has been verified', 0, '2023-09-12 02:15:20', 1, 76),
(30, 'Schedule Service Done', 'Your schedule no:#78 has been verified', 0, '2023-09-12 02:17:20', 1, 78),
(31, 'Schedule Service Done', 'Your schedule no:#80 has been verified', 0, '2023-09-12 02:23:24', 1, 80),
(32, 'Schedule Service Done', 'Your schedule no:#82 has been verified', 0, '2023-09-12 02:29:23', 1, 82),
(33, 'Schedule Service Done', 'Your schedule no:#83 has been verified', 0, '2023-09-12 02:29:23', 1, 83),
(34, 'Schedule Service Done', 'Your schedule no:#85 has been verified', 0, '2023-09-12 02:35:31', 1, 85),
(35, 'Schedule Service Done', 'Your schedule no:#86 has been verified', 0, '2023-09-12 02:35:31', 1, 86),
(36, 'Schedule Service Done', 'Your schedule no:#88 has been verified', 0, '2023-09-12 03:11:05', 1, 88),
(37, 'Schedule Service Done', 'Your schedule no:#90 has been verified', 0, '2023-09-12 03:17:23', 1, 90),
(38, 'Schedule Service Done', 'Your schedule no:#92 has been verified', 0, '2023-09-12 03:18:26', 1, 92),
(39, 'Schedule Service Done', 'Your schedule no:#94 has been verified', 0, '2023-09-12 03:45:28', 1, 94),
(40, 'Schedule Service Done', 'Your schedule no:#96 has been verified', 0, '2023-09-12 03:49:14', 1, 96),
(41, 'Schedule Service Done', 'Your schedule no:#98 has been verified', 0, '2023-09-12 03:52:02', 1, 98),
(42, 'Schedule Service Done', 'Your schedule no:#100 has been verified', 0, '2023-09-12 04:00:28', 1, 100),
(43, 'Schedule Service Done', 'Your schedule no:#102 has been verified', 0, '2023-09-12 04:02:58', 1, 102),
(44, 'Schedule Service Done', 'Your schedule no:#104 has been verified', 0, '2023-09-12 04:03:48', 1, 104),
(45, 'Schedule Service Done', 'Your schedule no:#106 has been verified', 0, '2023-09-12 04:06:14', 1, 106),
(46, 'Schedule Service Done', 'Your schedule no:#108 has been verified', 0, '2023-09-12 04:10:36', 1, 108),
(47, 'Schedule Service Done', 'Your schedule no:#109 has been verified', 0, '2023-09-12 04:10:36', 1, 109),
(48, 'Schedule Service Done', 'Your schedule no:#111 has been verified', 0, '2023-09-13 08:54:25', 1, 111),
(49, 'Schedule Service Done', 'Your schedule no:#112 has been verified', 0, '2023-09-13 08:57:22', 1, 112),
(50, 'Schedule Service Done', 'Your schedule no:#113 has been verified', 0, '2023-09-13 09:01:15', 1, 113),
(51, 'Schedule Service Done', 'Your schedule no:#114 has been verified', 0, '2023-09-13 09:02:52', 1, 114),
(52, 'Schedule Service Done', 'Your schedule no:#115 has been verified', 0, '2023-09-13 09:04:09', 1, 115),
(53, 'Schedule Service Done', 'Your schedule no:#116 has been verified', 0, '2023-09-13 09:04:56', 1, 116),
(54, 'Schedule Service Done', 'Your schedule no:#117 has been verified', 0, '2023-09-13 09:25:38', 1, 117),
(55, 'Schedule Service Done', 'Your schedule no:#119 has been verified', 0, '2023-09-13 09:28:49', 1, 119),
(56, 'Schedule Service Done', 'Your schedule no:#121 has been verified', 0, '2023-09-13 09:31:32', 1, 121),
(57, 'Schedule Service Done', 'Your schedule no:#123 has been verified', 0, '2023-09-13 09:33:22', 1, 123),
(58, 'Schedule Service Done', 'Your schedule no:#125 has been verified', 0, '2023-09-13 09:35:15', 1, 125),
(59, 'Schedule Service Done', 'Your schedule no:#127 has been verified', 0, '2023-09-13 09:36:37', 1, 127),
(60, 'Schedule Service Done', 'Your schedule no:#129 has been verified', 0, '2023-09-13 09:38:02', 1, 129),
(61, 'Schedule Service Done', 'Your schedule no:#171 has been verified', 0, '2023-09-13 01:35:39', 1, 171),
(62, 'Schedule Service Done', 'Your schedule no:#173 has been verified', 0, '2023-09-13 01:39:00', 1, 173),
(63, 'Schedule Service Done', 'Your schedule no:#175 has been verified', 0, '2023-09-13 01:41:28', 1, 175),
(64, 'Schedule Service Done', 'Your schedule no:#177 has been verified', 0, '2023-09-13 01:44:38', 1, 177),
(65, 'Schedule Service Done', 'Your schedule no:#179 has been verified', 0, '2023-09-13 01:52:01', 1, 179),
(66, 'Schedule Service Done', 'Your schedule no:#180 has been verified', 0, '2023-09-13 01:52:01', 1, 180),
(67, 'Schedule Service Done', 'Your schedule no:#182 has been verified', 0, '2023-09-13 01:59:19', 1, 182),
(68, 'Schedule Service Done', 'Your schedule no:#183 has been verified', 0, '2023-09-13 01:59:19', 1, 183),
(69, 'Schedule Service Done', 'Your schedule no:#184 has been verified', 0, '2023-09-13 01:59:19', 1, 184),
(70, 'Schedule Service Done', 'Your schedule no:#186 has been verified', 0, '2023-09-13 03:33:09', 1, 186),
(71, 'Schedule Service Done', 'Your schedule no:#187 has been verified', 0, '2023-09-13 03:33:09', 1, 187),
(72, 'Schedule Service Done', 'Your schedule no:#188 has been verified', 0, '2023-09-13 03:33:09', 1, 188),
(73, 'Schedule Service Done', 'Your schedule no:#189 has been verified', 0, '2023-09-13 03:33:09', 1, 189),
(74, 'Schedule Service Done', 'Your schedule no:#190 has been verified', 0, '2023-09-13 03:33:09', 1, 190),
(75, 'Schedule Service Done', 'Your schedule no:#193 has been verified', 0, '2023-09-14 10:40:28', 1, 193),
(76, 'Schedule Service Done', 'Your schedule no:#194 has been verified', 0, '2023-09-14 10:40:28', 1, 194),
(77, 'Schedule Service Done', 'Your schedule no:#195 has been verified', 0, '2023-09-14 10:40:28', 1, 195),
(78, 'Schedule Service Done', 'Your schedule no:#196 has been verified', 0, '2023-09-14 10:40:28', 1, 196),
(79, 'Schedule Service Done', 'Your schedule no:#197 has been verified', 0, '2023-09-14 10:40:28', 1, 197),
(80, 'Schedule Service Done', 'Your schedule no:#200 has been verified', 0, '2023-09-14 10:49:36', 1, 200),
(81, 'Schedule Service Done', 'Your schedule no:#201 has been verified', 0, '2023-09-14 10:49:36', 1, 201),
(82, 'Schedule Service Done', 'Your schedule no:#202 has been verified', 0, '2023-09-14 10:49:36', 1, 202),
(83, 'Schedule Service Done', 'Your schedule no:#203 has been verified', 0, '2023-09-14 10:49:36', 1, 203),
(84, 'Schedule Service Done', 'Your schedule no:#204 has been verified', 0, '2023-09-14 10:49:36', 1, 204),
(85, 'Schedule Service Done', 'Your schedule no:#207 has been verified', 0, '2023-09-14 10:56:38', 1, 207),
(86, 'Schedule Service Done', 'Your schedule no:#208 has been verified', 0, '2023-09-14 10:56:38', 1, 208),
(87, 'Schedule Service Done', 'Your schedule no:#209 has been verified', 0, '2023-09-14 10:56:38', 1, 209),
(88, 'Schedule Service Done', 'Your schedule no:#210 has been verified', 0, '2023-09-14 10:56:38', 1, 210),
(89, 'Schedule Service Done', 'Your schedule no:#211 has been verified', 0, '2023-09-14 10:56:38', 1, 211),
(90, 'Schedule Service Done', 'Your schedule no:#214 has been verified', 0, '2023-09-14 11:10:07', 1, 214),
(91, 'Schedule Service Done', 'Your schedule no:#215 has been verified', 0, '2023-09-14 11:10:07', 1, 215),
(92, 'Schedule Service Done', 'Your schedule no:#216 has been verified', 0, '2023-09-14 11:10:07', 1, 216),
(93, 'Schedule Service Done', 'Your schedule no:#217 has been verified', 0, '2023-09-14 11:10:07', 1, 217),
(94, 'Schedule Service Done', 'Your schedule no:#218 has been verified', 0, '2023-09-14 11:10:07', 1, 218),
(95, 'Schedule Service Done', 'Your schedule no:#220 has been verified', 0, '2023-09-14 11:14:06', 1, 220),
(96, 'Schedule Service Done', 'Your schedule no:#222 has been verified', 0, '2023-09-14 11:17:06', 1, 222),
(97, 'Schedule Service Done', 'Your schedule no:#223 has been verified', 0, '2023-09-14 11:17:06', 1, 223),
(98, 'Schedule Service Done', 'Your schedule no:#225 has been verified', 0, '2023-09-14 11:19:42', 1, 225),
(99, 'Schedule Service Done', 'Your schedule no:#226 has been verified', 0, '2023-09-14 11:19:42', 1, 226),
(100, 'Schedule Service Done', 'Your schedule no:#229 has been verified', 0, '2023-09-14 02:28:36', 1, 229),
(101, 'Schedule Service Done', 'Your schedule no:#231 has been verified', 0, '2023-09-14 02:29:55', 1, 231),
(102, 'Schedule Service Done', 'Your schedule no:#233 has been verified', 0, '2023-09-14 03:37:05', 1, 233),
(103, 'Schedule Service Done', 'Your schedule no:#237 has been verified', 0, '2023-09-14 03:42:41', 1, 237),
(104, 'Schedule Service Done', 'Your schedule no:#240 has been verified', 0, '2023-09-14 03:46:06', 1, 240),
(105, 'Schedule Service Done', 'Your schedule no:#242 has been verified', 0, '2023-09-14 03:50:58', 1, 242),
(106, 'Schedule Service Done', 'Your schedule no:#244 has been verified', 0, '2023-09-14 03:53:54', 1, 244),
(107, 'Schedule Service Done', 'Your schedule no:#246 has been verified', 0, '2023-09-14 03:57:20', 1, 246),
(108, 'Schedule Service Done', 'Your schedule no:#248 has been verified', 0, '2023-09-14 03:59:53', 1, 248),
(109, 'Schedule Service Done', 'Your schedule no:#250 has been verified', 0, '2023-09-14 04:12:16', 1, 250),
(110, 'Schedule Service Done', 'Your schedule no:#252 has been verified', 0, '2023-09-14 04:17:53', 1, 252),
(111, 'Schedule Service Done', 'Your schedule no:#254 has been verified', 0, '2023-09-15 08:36:40', 1, 254),
(112, 'Schedule Service Done', 'Your schedule no:#255 has been verified', 0, '2023-09-15 08:36:40', 1, 255),
(113, 'Schedule Service Done', 'Your schedule no:#258 has been verified', 0, '2023-09-15 08:48:12', 1, 258),
(114, 'Schedule Service Done', 'Your schedule no:#259 has been verified', 0, '2023-09-15 08:48:12', 1, 259),
(115, 'Schedule Service Done', 'Your schedule no:#260 has been verified', 0, '2023-09-15 08:48:12', 1, 260),
(116, 'Schedule Service Done', 'Your schedule no:#261 has been verified', 0, '2023-09-15 08:48:12', 1, 261),
(117, 'Schedule Service Done', 'Your schedule no:#262 has been verified', 0, '2023-09-15 08:48:12', 1, 262),
(118, 'Schedule Service Done', 'Your schedule no:#264 has been verified', 0, '2023-09-15 09:00:07', 1, 264),
(119, 'Schedule Service Done', 'Your schedule no:#265 has been verified', 0, '2023-09-15 09:00:07', 1, 265),
(120, 'Schedule Service Done', 'Your schedule no:#266 has been verified', 0, '2023-09-15 09:00:07', 1, 266),
(121, 'Schedule Service Done', 'Your schedule no:#267 has been verified', 0, '2023-09-15 09:00:07', 1, 267),
(122, 'Schedule Service Done', 'Your schedule no:#268 has been verified', 0, '2023-09-15 09:00:07', 1, 268),
(123, 'Schedule Service Done', 'Your schedule no:#271 has been verified', 0, '2023-09-15 09:07:14', 1, 271),
(124, 'Schedule Service Done', 'Your schedule no:#273 has been verified', 0, '2023-09-15 09:17:10', 1, 273),
(125, 'Schedule Service Done', 'Your schedule no:#275 has been verified', 0, '2023-09-15 09:56:57', 1, 275),
(126, 'Schedule Service Done', 'Your schedule no:#276 has been verified', 0, '2023-09-15 09:56:57', 1, 276),
(127, 'Schedule Service Done', 'Your schedule no:#278 has been verified', 0, '2023-09-15 10:01:02', 1, 278),
(128, 'Schedule Service Done', 'Your schedule no:#279 has been verified', 0, '2023-09-15 10:01:02', 1, 279),
(129, 'Schedule Service Done', 'Your schedule no:#281 has been verified', 0, '2023-09-15 10:09:07', 1, 281),
(130, 'Schedule Service Done', 'Your schedule no:#282 has been verified', 0, '2023-09-15 10:09:07', 1, 282),
(131, 'Schedule Service Done', 'Your schedule no:#284 has been verified', 0, '2023-09-15 10:30:55', 1, 284),
(132, 'Schedule Service Done', 'Your schedule no:#285 has been verified', 0, '2023-09-15 10:30:55', 1, 285),
(133, 'Schedule Service Done', 'Your schedule no:#286 has been verified', 0, '2023-09-15 10:30:55', 1, 286),
(134, 'Schedule Service Done', 'Your schedule no:#287 has been verified', 0, '2023-09-15 10:30:55', 1, 287),
(135, 'Schedule Service Done', 'Your schedule no:#288 has been verified', 0, '2023-09-15 10:30:55', 1, 288),
(136, 'Schedule Service Done', 'Your schedule no:#289 has been verified', 0, '2023-09-15 10:30:55', 1, 289),
(137, 'Schedule Service Done', 'Your schedule no:#290 has been verified', 0, '2023-09-15 10:30:55', 1, 290),
(138, 'Schedule Service Done', 'Your schedule no:#292 has been verified', 0, '2023-09-15 03:53:05', 1, 292),
(139, 'Service Assigned', 'You have been asigned for schedule no.#294 at Sep 18, 2023', 0, '2023-09-18 08:47:13', 1, 294),
(140, 'Service Assigned', 'You have been asigned for schedule no.#295 at Sep 18, 2023', 0, '2023-09-18 08:48:30', 1, 295),
(141, 'Schedule Service Done', 'Your schedule no:#144 has been verified', 0, '2023-09-18 08:49:56', 1, 144),
(142, 'Service Assigned', 'You have been asigned for schedule no.#297 at Sep 18, 2023', 0, '2023-09-19 08:22:26', 1, 297),
(143, 'Schedule Service Done', 'Your schedule no:#298 has been verified', 0, '2023-09-19 01:12:36', 1, 298),
(144, 'Schedule Service Done', 'Your schedule no:#299 has been verified', 0, '2023-09-19 01:12:36', 1, 299),
(145, 'Schedule Service Done', 'Your schedule no:#300 has been verified', 0, '2023-09-19 01:12:36', 1, 300),
(146, 'Schedule Service Done', 'Your schedule no:#301 has been verified', 0, '2023-09-19 01:12:36', 1, 301),
(147, 'Schedule Service Done', 'Your schedule no:#302 has been verified', 0, '2023-09-19 01:12:36', 1, 302),
(148, 'Schedule Service Done', 'Your schedule no:#303 has been verified', 0, '2023-09-19 01:12:36', 1, 303),
(149, 'Schedule Service Done', 'Your schedule no:#305 has been verified', 0, '2023-09-19 01:22:15', 1, 305),
(150, 'Schedule Service Done', 'Your schedule no:#307 has been verified', 0, '2023-09-19 01:24:37', 1, 307),
(151, 'Schedule Service Done', 'Your schedule no:#309 has been verified', 0, '2023-09-19 01:29:58', 1, 309),
(152, 'Schedule Service Done', 'Your schedule no:#311 has been verified', 0, '2023-09-19 01:31:18', 1, 311),
(153, 'Schedule Service Done', 'Your schedule no:#313 has been verified', 0, '2023-09-19 01:32:25', 1, 313),
(154, 'Schedule Service Done', 'Your schedule no:#316 has been verified', 0, '2023-09-19 01:37:24', 1, 316),
(155, 'Schedule Service Done', 'Your schedule no:#317 has been verified', 0, '2023-09-19 01:37:24', 1, 317),
(156, 'Schedule Service Done', 'Your schedule no:#318 has been verified', 0, '2023-09-19 01:37:24', 1, 318),
(157, 'Schedule Service Done', 'Your schedule no:#320 has been verified', 0, '2023-09-19 01:42:02', 1, 320),
(158, 'Schedule Service Done', 'Your schedule no:#322 has been verified', 0, '2023-09-19 01:43:30', 1, 322),
(159, 'Schedule Service Done', 'Your schedule no:#324 has been verified', 0, '2023-09-19 01:45:09', 1, 324),
(160, 'Schedule Service Done', 'Your schedule no:#325 has been verified', 0, '2023-09-19 01:45:09', 1, 325),
(161, 'Schedule Service Done', 'Your schedule no:#326 has been verified', 0, '2023-09-19 01:45:09', 1, 326),
(162, 'Schedule Service Done', 'Your schedule no:#328 has been verified', 0, '2023-09-19 02:07:32', 1, 328),
(163, 'Schedule Service Done', 'Your schedule no:#330 has been verified', 0, '2023-09-19 02:16:38', 1, 330),
(164, 'Schedule Service Done', 'Your schedule no:#331 has been verified', 0, '2023-09-19 02:16:38', 1, 331),
(165, 'Schedule Service Done', 'Your schedule no:#332 has been verified', 0, '2023-09-19 02:16:38', 1, 332),
(166, 'Schedule Service Done', 'Your schedule no:#333 has been verified', 0, '2023-09-19 02:16:38', 1, 333),
(167, 'Schedule Service Done', 'Your schedule no:#334 has been verified', 0, '2023-09-19 02:21:48', 1, 334),
(168, 'Schedule Service Done', 'Your schedule no:#336 has been verified', 0, '2023-09-19 02:23:14', 1, 336),
(169, 'Schedule Service Done', 'Your schedule no:#338 has been verified', 0, '2023-09-19 02:24:28', 1, 338),
(170, 'Schedule Service Done', 'Your schedule no:#340 has been verified', 0, '2023-09-19 02:26:36', 1, 340),
(171, 'Schedule Service Done', 'Your schedule no:#342 has been verified', 0, '2023-09-19 02:29:45', 1, 342),
(172, 'Schedule Service Done', 'Your schedule no:#344 has been verified', 0, '2023-09-19 02:32:20', 1, 344),
(173, 'Schedule Service Done', 'Your schedule no:#346 has been verified', 0, '2023-09-19 02:34:00', 1, 346),
(174, 'Schedule Service Done', 'Your schedule no:#348 has been verified', 0, '2023-09-19 02:36:28', 1, 348),
(175, 'Schedule Service Done', 'Your schedule no:#350 has been verified', 0, '2023-09-19 02:42:08', 1, 350),
(176, 'Schedule Service Done', 'Your schedule no:#351 has been verified', 0, '2023-09-19 02:42:08', 1, 351),
(177, 'Schedule Service Done', 'Your schedule no:#353 has been verified', 0, '2023-09-19 02:50:09', 1, 353),
(178, 'Schedule Service Done', 'Your schedule no:#355 has been verified', 0, '2023-09-19 02:53:07', 1, 355),
(179, 'Schedule Service Done', 'Your schedule no:#357 has been verified', 0, '2023-09-19 02:54:59', 1, 357),
(180, 'Schedule Service Done', 'Your schedule no:#359 has been verified', 0, '2023-09-19 02:56:42', 1, 359),
(181, 'Schedule Service Done', 'Your schedule no:#361 has been verified', 0, '2023-09-19 02:58:30', 1, 361),
(182, 'Schedule Service Done', 'Your schedule no:#363 has been verified', 0, '2023-09-19 03:00:36', 1, 363),
(183, 'Schedule Service Done', 'Your schedule no:#365 has been verified', 0, '2023-09-19 03:03:46', 1, 365),
(184, 'Schedule Service Done', 'Your schedule no:#366 has been verified', 0, '2023-09-19 03:03:46', 1, 366),
(185, 'Schedule Service Done', 'Your schedule no:#367 has been verified', 0, '2023-09-19 03:03:46', 1, 367),
(186, 'Schedule Service Done', 'Your schedule no:#368 has been verified', 0, '2023-09-19 03:03:46', 1, 368),
(187, 'Schedule Service Done', 'Your schedule no:#369 has been verified', 0, '2023-09-19 03:03:46', 1, 369),
(188, 'Schedule Service Done', 'Your schedule no:#370 has been verified', 0, '2023-09-19 03:03:46', 1, 370),
(189, 'Schedule Service Done', 'Your schedule no:#374 has been verified', 0, '2023-09-19 03:11:08', 1, 374),
(190, 'Schedule Service Done', 'Your schedule no:#376 has been verified', 0, '2023-09-19 03:11:51', 1, 376),
(191, 'Schedule Service Done', 'Your schedule no:#378 has been verified', 0, '2023-09-19 03:12:22', 1, 378),
(192, 'Schedule Service Done', 'Your schedule no:#380 has been verified', 0, '2023-09-19 03:13:01', 1, 380),
(193, 'Schedule Service Done', 'Your schedule no:#382 has been verified', 0, '2023-09-19 03:13:45', 1, 382),
(194, 'Schedule Service Done', 'Your schedule no:#384 has been verified', 0, '2023-09-19 03:15:28', 1, 384),
(195, 'Schedule Service Done', 'Your schedule no:#386 has been verified', 0, '2023-09-19 03:16:30', 1, 386),
(196, 'Schedule Service Done', 'Your schedule no:#388 has been verified', 0, '2023-09-19 03:17:26', 1, 388),
(197, 'Schedule Service Done', 'Your schedule no:#390 has been verified', 0, '2023-09-19 03:19:06', 1, 390),
(198, 'Schedule Service Done', 'Your schedule no:#393 has been verified', 0, '2023-09-19 03:22:57', 1, 393),
(199, 'Schedule Service Done', 'Your schedule no:#397 has been verified', 0, '2023-09-19 03:28:29', 1, 397),
(200, 'Schedule Service Done', 'Your schedule no:#398 has been verified', 0, '2023-09-19 03:28:29', 1, 398),
(201, 'Schedule Service Done', 'Your schedule no:#399 has been verified', 0, '2023-09-19 03:28:29', 1, 399),
(202, 'Schedule Service Done', 'Your schedule no:#400 has been verified', 0, '2023-09-19 03:28:29', 1, 400),
(203, 'Schedule Service Done', 'Your schedule no:#402 has been verified', 0, '2023-09-19 03:30:28', 1, 402),
(204, 'Schedule Service Done', 'Your schedule no:#403 has been verified', 0, '2023-09-19 03:30:28', 1, 403),
(205, 'Schedule Service Done', 'Your schedule no:#283 has been verified', 0, '2023-09-20 08:59:11', 1, 283),
(206, 'Schedule Service Done', 'Your schedule no:#49 has been verified', 0, '2023-09-20 09:06:28', 1, 49),
(207, 'Schedule Service Done', 'Your schedule no:#407 has been verified', 0, '2023-09-20 09:08:28', 1, 407),
(208, 'Schedule Service Done', 'Your schedule no:#409 has been verified', 0, '2023-09-20 09:10:05', 1, 409),
(209, 'Schedule Service Done', 'Your schedule no:#178 has been verified', 0, '2023-09-20 09:15:54', 1, 178),
(210, 'Schedule Service Done', 'Your schedule no:#295 has been verified', 0, '2023-09-20 09:22:00', 1, 295),
(211, 'Schedule Service Done', 'Your schedule no:#412 has been verified', 0, '2023-09-20 09:23:14', 1, 412),
(212, 'Schedule Service Done', 'Your schedule no:#297 has been verified', 0, '2023-09-20 09:27:16', 1, 297),
(213, 'Schedule Service Done', 'Your schedule no:#414 has been verified', 0, '2023-09-20 09:28:58', 1, 414),
(214, 'Schedule Service Done', 'Your schedule no:#416 has been verified', 0, '2023-09-20 09:40:40', 1, 416),
(215, 'Schedule Service Done', 'Your schedule no:#418 has been verified', 0, '2023-09-20 09:42:09', 1, 418),
(216, 'Schedule Service Done', 'Your schedule no:#420 has been verified', 0, '2023-09-20 09:43:25', 1, 420),
(217, 'Schedule Service Done', 'Your schedule no:#294 has been verified', 0, '2023-09-20 09:52:44', 1, 294),
(218, 'Schedule Service Done', 'Your schedule no:#422 has been verified', 0, '2023-09-20 09:53:09', 1, 422),
(219, 'Schedule Service Done', 'Your schedule no:#146 has been verified', 0, '2023-09-20 02:03:37', 1, 146),
(220, 'Service Assigned', 'You have been asigned for schedule no.#425 at Sep 20, 2023', 0, '2023-09-20 02:06:27', 1, 425),
(221, 'Service Assigned', 'You have been asigned for schedule no.#426 at Sep 21, 2023', 0, '2023-09-20 02:08:24', 1, 426),
(222, 'Schedule Service Done', 'Your schedule no:#429 has been verified', 0, '2023-09-20 02:23:18', 1, 429),
(223, 'Schedule Service Done', 'Your schedule no:#431 has been verified', 0, '2023-09-20 02:23:42', 1, 431),
(224, 'Schedule Service Done', 'Your schedule no:#249 has been verified', 0, '2023-09-21 08:17:55', 1, 249),
(225, 'Schedule Service Done', 'Your schedule no:#425 has been verified', 0, '2023-09-21 08:43:25', 1, 425),
(226, 'Service Assigned', 'You have been asigned for schedule no.#434 at Sep 19, 2023', 0, '2023-09-21 08:47:00', 1, 434),
(227, 'Schedule Service Done', 'Your schedule no:#434 has been verified', 0, '2023-09-21 08:50:31', 1, 434),
(228, 'Service Assigned', 'You have been asigned for schedule no.#435 at Sep 15, 2023', 0, '2023-09-21 08:51:36', 1, 435),
(229, 'Schedule Service Done', 'Your schedule no:#435 has been verified', 0, '2023-09-21 08:53:19', 1, 435),
(230, 'Service Assigned', 'You have been asigned for schedule no.#436 at Sep 15, 2023', 0, '2023-09-21 08:54:03', 1, 436),
(231, 'Schedule Service Done', 'Your schedule no:#436 has been verified', 0, '2023-09-21 08:55:01', 1, 436),
(232, 'Service Assigned', 'You have been asigned for schedule no.#437 at Sep 15, 2023', 0, '2023-09-21 09:16:03', 1, 437),
(233, 'Schedule Service Done', 'Your schedule no:#437 has been verified', 0, '2023-09-21 09:17:38', 1, 437),
(234, 'Service Assigned', 'You have been asigned for schedule no.#438 at Sep 20, 2023', 0, '2023-09-21 09:19:01', 1, 438),
(235, 'Schedule Service Done', 'Your schedule no:#438 has been verified', 0, '2023-09-21 09:20:49', 1, 438),
(236, 'Service Assigned', 'You have been asigned for schedule no.#439 at Sep 20, 2023', 0, '2023-09-21 09:21:51', 1, 439),
(237, 'Schedule Service Done', 'Your schedule no:#439 has been verified', 0, '2023-09-21 09:22:12', 1, 439),
(238, 'Service Assigned', 'You have been asigned for schedule no.#440 at Sep 20, 2023', 0, '2023-09-21 09:23:15', 1, 440),
(239, 'Schedule Service Done', 'Your schedule no:#440 has been verified', 0, '2023-09-21 09:23:36', 1, 440),
(240, 'Service Assigned', 'You have been asigned for schedule no.#441 at Sep 27, 2023', 0, '2023-09-21 10:05:49', 1, 441),
(241, 'Schedule Service Done', 'Your schedule no:#441 has been verified', 0, '2023-09-21 10:06:02', 1, 441),
(242, 'Schedule Service Done', 'Your schedule no:#426 has been verified', 0, '2023-09-22 08:57:20', 1, 426),
(243, 'Service Assigned', 'You have been asigned for schedule no.#442 at Sep 01, 2023', 0, '2023-09-24 09:30:33', 1, 442),
(244, 'Service Assigned', 'You have been asigned for schedule no.#443 at Sep 01, 2023', 0, '2023-09-24 09:39:41', 1, 443),
(245, 'Service Assigned', 'You have been asigned for schedule no.#444 at Sep 27, 2023', 0, '2023-09-25 08:13:16', 1, 444),
(246, 'Service Assigned', 'You have been asigned for schedule no.#445 at Sep 28, 2023', 0, '2023-09-25 08:14:45', 1, 445),
(247, 'Service Assigned', 'You have been asigned for schedule no.#446 at Sep 27, 2023', 0, '2023-09-25 08:16:23', 1, 446),
(248, 'Service Assigned', 'You have been asigned for schedule no.#447 at Sep 29, 2023', 0, '2023-09-25 08:19:10', 1, 447),
(249, 'Service Assigned', 'You have been asigned for schedule no.#448 at Sep 29, 2023', 0, '2023-09-25 08:20:23', 1, 448),
(250, 'Service Assigned', 'You have been asigned for schedule no.#449 at Sep 24, 2023', 0, '2023-09-25 03:05:03', 1, 449),
(251, 'Schedule Service Done', 'Your schedule no:#449 has been verified', 0, '2023-09-25 03:27:13', 1, 449),
(252, 'Schedule Service Done', 'Your schedule no:#450 has been verified', 0, '2023-09-25 03:28:57', 1, 450),
(253, 'Schedule Service Done', 'Your schedule no:#453 has been verified', 0, '2023-09-26 08:37:35', 1, 453),
(254, 'Schedule Service Done', 'Your schedule no:#455 has been verified', 0, '2023-09-26 08:38:13', 1, 455),
(255, 'Schedule Service Done', 'Your schedule no:#457 has been verified', 0, '2023-09-26 08:38:34', 1, 457),
(256, 'Schedule Service Done', 'Your schedule no:#459 has been verified', 0, '2023-09-26 08:40:12', 1, 459),
(257, 'Schedule Service Done', 'Your schedule no:#461 has been verified', 0, '2023-09-26 08:40:31', 1, 461),
(258, 'Schedule Service Done', 'Your schedule no:#463 has been verified', 0, '2023-09-26 08:40:48', 1, 463),
(259, 'Service Assigned', 'You have been asigned for schedule no.#464 at Sep 26, 2023', 0, '2023-09-26 08:52:18', 1, 464),
(260, 'Schedule Service Done', 'Your schedule no:#465 has been verified', 0, '2023-09-26 09:09:23', 1, 465),
(261, 'Schedule Service Done', 'Your schedule no:#149 has been verified', 0, '2023-09-26 01:16:03', 1, 149),
(262, 'Schedule Service Done', 'Your schedule no:#314 has been verified', 0, '2023-09-26 01:16:29', 1, 314),
(263, 'Schedule Service Done', 'Your schedule no:#42 has been verified', 0, '2023-09-26 01:16:55', 1, 42),
(264, 'Schedule Service Done', 'Your schedule no:#168 has been verified', 0, '2023-09-26 01:17:02', 1, 168),
(265, 'Schedule Service Done', 'Your schedule no:#372 has been verified', 0, '2023-09-26 01:18:42', 1, 372),
(266, 'Schedule Service Done', 'Your schedule no:#472 has been verified', 0, '2023-09-26 01:19:11', 1, 472),
(267, 'Schedule Service Done', 'Your schedule no:#296 has been verified', 0, '2023-09-26 01:19:31', 1, 296),
(268, 'Schedule Service Done', 'Your schedule no:#172 has been verified', 0, '2023-09-26 02:31:47', 1, 172),
(269, 'Schedule Service Done', 'Your schedule no:#448 has been verified', 0, '2023-09-27 09:03:16', 1, 448),
(270, 'Schedule Service Done', 'Your schedule no:#476 has been verified', 0, '2023-09-27 09:10:06', 1, 476),
(271, 'Schedule Service Done', 'Your schedule no:#446 has been verified', 0, '2023-09-27 02:24:35', 1, 446),
(272, 'Service Assigned', 'You have been asigned for schedule no.#478 at Oct 05, 2023', 0, '2023-09-29 08:39:04', 1, 478),
(273, 'Service Assigned', 'You have been asigned for schedule no.#479 at Oct 04, 2023', 0, '2023-09-29 08:43:29', 1, 479),
(274, 'Schedule Service Done', 'Your schedule no:#445 has been verified', 0, '2023-09-29 09:09:36', 1, 445),
(275, 'Schedule Service Done', 'Your schedule no:#474 has been verified', 0, '2023-09-29 09:14:32', 1, 474),
(276, 'Schedule Service Done', 'Your schedule no:#469 has been verified', 0, '2023-09-29 09:15:58', 1, 469),
(277, 'Schedule Service Done', 'Your schedule no:#8 has been verified', 0, '2023-09-29 09:17:24', 1, 8),
(278, 'Schedule Service Done', 'Your schedule no:#11 has been verified', 0, '2023-09-29 09:19:24', 1, 11),
(279, 'Schedule Service Done', 'Your schedule no:#468 has been verified', 0, '2023-10-02 11:44:53', 1, 468),
(280, 'Service Assigned', 'You have been asigned for schedule no.#484 at Oct 03, 2023', 0, '2023-10-02 12:09:58', 1, 484),
(281, 'Schedule Service Done', 'Your schedule no:#466 has been verified', 0, '2023-10-03 12:31:26', 1, 466),
(282, 'Schedule Service Done', 'Your schedule no:#347 has been verified', 0, '2023-10-04 02:02:37', 1, 347),
(283, 'Schedule Service Done', 'Your schedule no:#349 has been verified', 0, '2023-10-04 02:06:00', 1, 349),
(284, 'Schedule Service Done', 'Your schedule no:#391 has been verified', 0, '2023-10-05 10:25:34', 1, 391),
(285, 'Schedule Service Done', 'Your schedule no:#263 has been verified', 0, '2023-10-05 01:31:14', 1, 263),
(286, 'Schedule Service Done', 'Your schedule no:#269 has been verified', 0, '2023-10-05 01:33:40', 1, 269),
(287, 'Schedule Service Done', 'Your schedule no:#364 has been verified', 0, '2023-10-05 02:55:41', 1, 364),
(288, 'Schedule Service Done', 'Your schedule no:#371 has been verified', 0, '2023-10-05 02:57:25', 1, 371),
(289, 'Schedule Service Done', 'Your schedule no:#447 has been verified', 0, '2023-10-06 08:38:13', 1, 447),
(290, 'Schedule Service Done', 'Your schedule no:#234 has been verified', 0, '2023-10-06 08:39:59', 1, 234),
(291, 'Service Assigned', 'You have been asigned for schedule no.#493 at Oct 05, 2023', 0, '2023-10-06 08:41:32', 1, 493),
(292, 'Schedule Service Done', 'Your schedule no:#493 has been verified', 0, '2023-10-06 08:46:36', 1, 493),
(293, 'Service Assigned', 'You have been asigned for schedule no.#494 at Oct 09, 2023', 0, '2023-10-09 08:23:02', 1, 494),
(294, 'Schedule Service Done', 'Your schedule no:#484 has been verified', 0, '2023-10-09 08:46:30', 1, 484),
(295, 'Schedule Service Done', 'Your schedule no:#494 has been verified', 0, '2023-10-09 02:40:35', 1, 494),
(296, 'Schedule Service Done', 'Your schedule no:#277 has been verified', 0, '2023-10-11 08:34:29', 1, 277),
(297, 'Schedule Service Done', 'Your schedule no:#497 has been verified', 0, '2023-10-11 09:00:21', 1, 497),
(298, 'Schedule Service Done', 'Your schedule no:#499 has been verified', 0, '2023-10-11 09:02:32', 1, 499),
(299, 'Schedule Service Done', 'Your schedule no:#495 has been verified', 0, '2023-10-11 09:04:43', 1, 495),
(300, 'Service Assigned', 'You have been asigned for schedule no.#502 at Jan 11, 2023', 0, '2023-10-11 09:07:26', 1, 502),
(301, 'Schedule Service Done', 'Your schedule no:#502 has been verified', 0, '2023-10-11 09:11:54', 1, 502),
(302, 'Service Assigned', 'You have been asigned for schedule no.#503 at Jan 20, 2023', 0, '2023-10-11 09:21:28', 1, 503),
(303, 'Service Assigned', 'You have been asigned for schedule no.#504 at Oct 10, 2023', 0, '2023-10-11 10:17:27', 1, 504),
(304, 'Schedule Service Done', 'Your schedule no:#504 has been verified', 0, '2023-10-11 10:18:10', 1, 504),
(305, 'Schedule Service Done', 'Your schedule no:#479 has been verified', 0, '2023-10-11 04:08:21', 1, 479),
(306, 'Schedule Service Done', 'Your schedule no:#272 has been verified', 0, '2023-10-13 04:09:37', 1, 272),
(307, 'Service Assigned', 'You have been asigned for schedule no.#506 at Oct 16, 2023', 0, '2023-10-13 04:10:51', 1, 506),
(308, 'Service Assigned', 'You have been asigned for schedule no.#507 at Oct 16, 2023', 0, '2023-10-13 04:12:06', 1, 507),
(309, 'Service Assigned', 'You have been asigned for schedule no.#508 at Oct 16, 2023', 0, '2023-10-13 04:14:04', 1, 508),
(310, 'Schedule Service Done', 'Your schedule no:#93 has been verified', 0, '2023-10-13 04:25:08', 1, 93),
(311, 'Schedule Service Done', 'Your schedule no:#95 has been verified', 0, '2023-10-13 04:33:33', 1, 95),
(312, 'Schedule Service Done', 'Your schedule no:#99 has been verified', 0, '2023-10-13 04:34:59', 1, 99),
(313, 'Service Assigned', 'You have been asigned for schedule no.#511 at Oct 18, 2023', 0, '2023-10-13 04:40:02', 1, 511),
(314, 'Service Assigned', 'You have been asigned for schedule no.#512 at Oct 19, 2023', 0, '2023-10-13 04:40:41', 1, 512),
(315, 'Service Assigned', 'You have been asigned for schedule no.#513 at Oct 20, 2023', 0, '2023-10-13 04:42:34', 1, 513),
(316, 'Service Assigned', 'You have been asigned for schedule no.#514 at Oct 13, 2023', 0, '2023-10-13 04:43:26', 1, 514),
(317, 'Schedule Service Done', 'Your schedule no:#514 has been verified', 0, '2023-10-13 04:46:03', 1, 514),
(318, 'Service Assigned', 'You have been asigned for schedule no.#515 at Oct 16, 2023', 0, '2023-10-16 08:13:46', 1, 515),
(319, 'Schedule Service Done', 'Your schedule no:#507 has been verified', 0, '2023-10-16 02:03:38', 1, 507),
(320, 'Service Assigned', 'You have been asigned for schedule no.#516 at Oct 16, 2023', 0, '2023-10-16 03:48:42', 1, 516),
(321, 'Schedule Service Done', 'Your schedule no:#516 has been verified', 0, '2023-10-16 03:52:17', 1, 516),
(322, 'Schedule Service Done', 'Your schedule no:#97 has been verified', 0, '2023-10-17 02:34:27', 1, 97),
(323, 'Schedule Service Done', 'Your schedule no:#101 has been verified', 0, '2023-10-17 02:36:30', 1, 101),
(324, 'Schedule Service Done', 'Your schedule no:#103 has been verified', 0, '2023-10-17 02:38:01', 1, 103),
(325, 'Schedule Service Done', 'Your schedule no:#105 has been verified', 0, '2023-10-17 03:02:24', 1, 105),
(326, 'Schedule Service Done', 'Your schedule no:#107 has been verified', 0, '2023-10-17 03:04:35', 1, 107),
(327, 'Schedule Service Done', 'Your schedule no:#508 has been verified', 0, '2023-10-17 03:04:58', 1, 508),
(328, 'Service Assigned', 'You have been asigned for schedule no.#523 at Oct 17, 2023', 0, '2023-10-18 08:28:55', 1, 523),
(329, 'Service Assigned', 'You have been asigned for schedule no.#524 at Oct 17, 2023', 0, '2023-10-18 08:30:30', 1, 524),
(330, 'Service Assigned', 'You have been asigned for schedule no.#525 at Oct 17, 2023', 0, '2023-10-18 08:31:55', 1, 525),
(331, 'Schedule Service Done', 'Your schedule no:#500 has been verified', 0, '2023-10-18 08:35:24', 1, 500);

-- --------------------------------------------------------

--
-- Table structure for table `pms`
--

CREATE TABLE `pms` (
  `pms_id` int(11) NOT NULL,
  `schedule_id` int(11) NOT NULL,
  `service_date` date NOT NULL,
  `service_problem` text NOT NULL,
  `service_diagnosis` text NOT NULL,
  `service_done` text NOT NULL,
  `remarks` text NOT NULL,
  `service_by` varchar(50) NOT NULL,
  `status` int(11) NOT NULL
) ENGINE=InnoDB DEFAULT CHARSET=utf8mb4;

-- --------------------------------------------------------

--
-- Table structure for table `report`
--

CREATE TABLE `report` (
  `report_id` int(11) NOT NULL,
  `location` varchar(150) NOT NULL,
  `report_name` varchar(40) NOT NULL,
  `report_date` date NOT NULL DEFAULT current_timestamp(),
  `generated_by` varchar(30) NOT NULL,
  `db_type` tinyint(1) NOT NULL DEFAULT 0
) ENGINE=InnoDB DEFAULT CHARSET=utf8mb4;

-- --------------------------------------------------------

--
-- Table structure for table `schedule`
--

CREATE TABLE `schedule` (
  `schedule_id` int(11) NOT NULL,
  `schedule_type` tinyint(2) NOT NULL,
  `contract_id` int(11) DEFAULT NULL,
  `sv_id` int(11) NOT NULL,
  `schedule_date` date NOT NULL,
  `status` int(11) NOT NULL DEFAULT 0
) ENGINE=InnoDB DEFAULT CHARSET=utf8mb4;

--
-- Dumping data for table `schedule`
--

INSERT INTO `schedule` (`schedule_id`, `schedule_type`, `contract_id`, `sv_id`, `schedule_date`, `status`) VALUES
(2, 2, 0, 1, '2023-09-12', 2),
(3, 1, 1, 0, '2023-09-11', 2),
(4, 1, 1, 0, '2023-12-11', 2),
(6, 2, 0, 2, '2023-09-12', 2),
(7, 1, 1, 0, '2023-12-12', 2),
(8, 1, 1, 0, '2023-12-12', 2),
(10, 1, 2, 0, '2023-08-24', 2),
(11, 1, 2, 0, '2023-11-24', 2),
(14, 1, 5, 0, '2023-09-12', 2),
(15, 1, 6, 0, '2023-09-12', 2),
(16, 1, 7, 0, '2023-09-12', 2),
(17, 1, 8, 0, '2023-09-12', 2),
(18, 1, 9, 0, '2023-09-12', 2),
(42, 1, 33, 0, '2023-01-26', 2),
(46, 1, 3, 0, '2023-08-24', 2),
(47, 1, 3, 0, '2023-11-08', 0),
(48, 1, 16, 0, '2023-06-02', 2),
(49, 1, 16, 0, '2023-09-02', 2),
(50, 1, 15, 0, '2023-04-14', 2),
(51, 1, 15, 0, '2023-07-14', 2),
(52, 1, 15, 0, '2023-12-12', 0),
(54, 1, 37, 0, '2023-04-14', 2),
(56, 1, 37, 0, '2023-07-14', 2),
(58, 1, 17, 0, '2023-09-05', 2),
(59, 1, 17, 0, '2023-12-05', 0),
(60, 1, 18, 0, '2022-11-30', 2),
(62, 1, 18, 0, '2023-03-02', 2),
(64, 1, 18, 0, '2023-08-17', 2),
(65, 1, 18, 0, '2023-11-22', 0),
(66, 1, 19, 0, '2022-09-28', 2),
(68, 1, 19, 0, '2022-12-28', 2),
(70, 1, 19, 0, '2023-03-07', 2),
(72, 1, 19, 0, '2023-08-18', 2),
(73, 1, 19, 0, '2023-11-09', 0),
(74, 1, 20, 0, '2023-07-07', 2),
(75, 1, 20, 0, '2023-10-26', 0),
(76, 1, 21, 0, '2023-05-24', 2),
(78, 1, 21, 0, '2023-06-17', 2),
(79, 1, 21, 0, '2023-11-15', 0),
(80, 1, 22, 0, '2023-03-03', 2),
(82, 1, 22, 0, '2023-06-03', 2),
(83, 1, 22, 0, '2023-09-03', 2),
(84, 1, 22, 0, '2023-12-07', 0),
(85, 1, 23, 0, '2023-04-19', 2),
(86, 1, 23, 0, '2023-07-19', 2),
(88, 1, 25, 0, '2023-01-26', 2),
(90, 1, 25, 0, '2023-04-26', 2),
(92, 1, 25, 0, '2023-08-10', 2),
(93, 1, 25, 0, '2023-10-19', 2),
(94, 1, 32, 0, '2023-07-26', 2),
(95, 1, 32, 0, '2023-10-19', 2),
(96, 1, 26, 0, '2023-07-26', 2),
(97, 1, 26, 0, '2023-10-16', 2),
(98, 1, 27, 0, '2023-07-26', 2),
(99, 1, 27, 0, '2023-10-19', 2),
(100, 1, 29, 0, '2023-07-26', 2),
(101, 1, 29, 0, '2023-10-16', 2),
(102, 1, 30, 0, '2023-07-26', 2),
(103, 1, 30, 0, '2023-10-16', 2),
(104, 1, 31, 0, '2023-07-26', 2),
(105, 1, 31, 0, '2023-10-16', 2),
(106, 1, 28, 0, '2023-07-26', 2),
(107, 1, 28, 0, '2023-10-16', 2),
(108, 1, 34, 0, '2023-01-26', 2),
(109, 1, 34, 0, '2023-04-26', 2),
(111, 1, 12, 0, '2023-09-12', 2),
(112, 1, 10, 0, '2023-09-12', 2),
(113, 1, 4, 0, '2023-09-12', 2),
(114, 1, 13, 0, '2023-09-12', 2),
(115, 1, 11, 0, '2023-09-12', 2),
(116, 1, 14, 0, '2023-09-12', 2),
(117, 1, 34, 0, '2023-07-20', 2),
(118, 1, 34, 0, '2023-10-25', 0),
(119, 1, 35, 0, '2023-01-26', 2),
(121, 1, 35, 0, '2023-04-26', 2),
(123, 1, 35, 0, '2023-07-20', 2),
(124, 1, 35, 0, '2023-10-25', 0),
(125, 1, 36, 0, '2023-01-26', 2),
(127, 1, 36, 0, '2023-04-26', 2),
(129, 1, 36, 0, '2023-07-20', 2),
(130, 1, 36, 0, '2023-10-25', 0),
(136, 1, 43, 0, '2023-08-24', 0),
(137, 1, 44, 0, '2023-08-24', 0),
(138, 1, 45, 0, '2022-08-24', 0),
(142, 1, 49, 0, '2022-09-20', 0),
(144, 1, 51, 0, '2020-10-12', 2),
(146, 1, 53, 0, '2023-08-30', 2),
(149, 1, 56, 0, '2023-07-13', 2),
(155, 1, 62, 0, '2023-10-24', 0),
(156, 1, 63, 0, '2023-10-24', 0),
(157, 1, 64, 0, '2023-10-24', 0),
(158, 1, 65, 0, '2023-11-21', 0),
(159, 1, 66, 0, '2022-12-05', 0),
(160, 1, 67, 0, '2022-12-01', 0),
(166, 1, 73, 0, '2024-02-21', 0),
(168, 1, 75, 0, '2023-05-02', 2),
(171, 1, 38, 0, '2023-06-15', 2),
(172, 1, 38, 0, '2023-09-26', 2),
(173, 1, 39, 0, '2023-04-14', 2),
(175, 1, 39, 0, '2023-07-14', 2),
(177, 1, 40, 0, '2023-06-08', 2),
(178, 1, 40, 0, '2023-09-08', 2),
(179, 1, 41, 0, '2022-08-24', 2),
(180, 1, 41, 0, '2022-11-24', 2),
(182, 1, 41, 0, '2023-02-03', 2),
(183, 1, 41, 0, '2023-05-03', 2),
(184, 1, 41, 0, '2023-08-03', 2),
(186, 1, 42, 0, '2022-08-24', 2),
(187, 1, 42, 0, '2022-11-24', 2),
(188, 1, 42, 0, '2023-02-24', 2),
(189, 1, 42, 0, '2023-05-24', 2),
(190, 1, 42, 0, '2023-08-24', 2),
(191, 1, 42, 0, '2023-12-18', 0),
(193, 1, 78, 0, '2022-08-24', 2),
(194, 1, 78, 0, '2022-11-24', 2),
(195, 1, 78, 0, '2023-02-24', 2),
(196, 1, 78, 0, '2023-05-24', 2),
(197, 1, 78, 0, '2023-08-24', 2),
(200, 1, 79, 0, '2022-08-24', 2),
(201, 1, 79, 0, '2022-11-24', 2),
(202, 1, 79, 0, '2023-02-24', 2),
(203, 1, 79, 0, '2023-05-24', 2),
(204, 1, 79, 0, '2023-08-24', 2),
(207, 1, 80, 0, '2022-08-24', 2),
(208, 1, 80, 0, '2022-11-24', 2),
(209, 1, 80, 0, '2023-02-24', 2),
(210, 1, 80, 0, '2023-05-24', 2),
(211, 1, 80, 0, '2023-08-24', 2),
(214, 1, 81, 0, '2022-08-24', 2),
(215, 1, 81, 0, '2022-11-24', 2),
(216, 1, 81, 0, '2023-02-24', 2),
(217, 1, 81, 0, '2023-05-24', 2),
(218, 1, 81, 0, '2023-08-24', 2),
(220, 1, 46, 0, '2023-05-02', 2),
(221, 1, 46, 0, '2023-12-05', 0),
(222, 1, 47, 0, '2023-05-05', 2),
(223, 1, 47, 0, '2023-08-05', 2),
(224, 1, 47, 0, '2023-11-15', 0),
(225, 1, 48, 0, '2023-04-24', 2),
(226, 1, 48, 0, '2023-07-24', 2),
(229, 1, 50, 0, '2022-09-20', 2),
(231, 1, 50, 0, '2022-12-20', 2),
(232, 1, 50, 0, '2023-04-25', 0),
(233, 1, 82, 0, '2022-09-20', 2),
(234, 1, 82, 0, '2023-10-05', 2),
(235, 1, 83, 0, '2022-09-20', 0),
(237, 1, 84, 0, '2022-09-20', 2),
(238, 1, 84, 0, '2023-12-20', 0),
(240, 1, 85, 0, '2022-09-20', 2),
(242, 1, 85, 0, '2022-12-20', 2),
(244, 1, 85, 0, '2023-04-25', 2),
(246, 1, 85, 0, '2023-06-01', 2),
(248, 1, 85, 0, '2023-07-13', 2),
(249, 1, 85, 0, '2023-09-08', 2),
(250, 1, 52, 0, '2023-07-18', 2),
(252, 1, 52, 0, '2023-10-18', 2),
(253, 1, 52, 0, '2023-11-07', 0),
(254, 1, 54, 0, '2022-07-01', 2),
(255, 1, 54, 0, '2022-10-01', 2),
(256, 1, 54, 0, '2022-12-14', 0),
(258, 1, 55, 0, '2022-07-01', 2),
(259, 1, 55, 0, '2022-10-01', 2),
(260, 1, 55, 0, '2023-01-01', 2),
(261, 1, 55, 0, '2023-04-01', 2),
(262, 1, 55, 0, '2023-07-01', 2),
(263, 1, 55, 0, '2023-10-05', 2),
(264, 1, 86, 0, '2022-07-06', 2),
(265, 1, 86, 0, '2022-10-06', 2),
(266, 1, 86, 0, '2023-01-06', 2),
(267, 1, 86, 0, '2023-04-06', 2),
(268, 1, 86, 0, '2023-07-06', 2),
(269, 1, 86, 0, '2023-10-05', 2),
(271, 1, 87, 0, '2023-07-01', 2),
(272, 1, 87, 0, '2023-10-12', 2),
(273, 1, 57, 0, '2023-07-10', 2),
(274, 1, 57, 0, '2024-01-10', 0),
(275, 1, 58, 0, '2023-02-07', 2),
(276, 1, 58, 0, '2023-05-07', 2),
(277, 1, 58, 0, '2023-10-10', 2),
(278, 1, 59, 0, '2022-09-13', 2),
(279, 1, 59, 0, '2022-12-13', 2),
(281, 1, 59, 0, '2023-03-08', 2),
(282, 1, 59, 0, '2023-06-08', 2),
(283, 1, 59, 0, '2023-09-22', 2),
(284, 1, 60, 0, '2022-02-10', 2),
(285, 1, 60, 0, '2022-05-10', 2),
(286, 1, 60, 0, '2022-08-10', 2),
(287, 1, 60, 0, '2022-11-10', 2),
(288, 1, 60, 0, '2023-02-10', 2),
(289, 1, 60, 0, '2023-05-10', 2),
(290, 1, 60, 0, '2023-08-10', 2),
(291, 1, 60, 0, '2023-12-06', 0),
(292, 1, 61, 0, '2022-02-10', 2),
(294, 2, 0, 3, '2023-09-18', 2),
(295, 2, 0, 4, '2023-09-18', 2),
(296, 1, 51, 0, '2021-04-12', 2),
(297, 2, 0, 5, '2023-09-18', 2),
(298, 1, 61, 0, '2022-05-10', 2),
(299, 1, 61, 0, '2022-08-10', 2),
(300, 1, 61, 0, '2022-11-10', 2),
(301, 1, 61, 0, '2023-02-10', 2),
(302, 1, 61, 0, '2023-05-10', 2),
(303, 1, 61, 0, '2023-08-10', 2),
(304, 1, 61, 0, '2023-12-06', 0),
(305, 1, 68, 0, '2023-01-25', 2),
(307, 1, 68, 0, '2023-07-25', 2),
(308, 1, 68, 0, '2024-01-27', 0),
(309, 1, 69, 0, '2021-09-01', 2),
(311, 1, 69, 0, '2022-01-04', 2),
(313, 1, 69, 0, '2022-04-17', 2),
(314, 1, 69, 0, '2023-07-26', 2),
(316, 1, 88, 0, '2021-10-04', 2),
(317, 1, 88, 0, '2022-01-04', 2),
(318, 1, 88, 0, '2022-04-04', 2),
(320, 1, 88, 0, '2022-07-26', 2),
(322, 1, 88, 0, '2022-10-11', 2),
(324, 1, 88, 0, '2023-01-19', 2),
(325, 1, 88, 0, '2023-04-19', 2),
(326, 1, 88, 0, '2023-07-19', 2),
(327, 1, 88, 0, '2023-11-23', 0),
(328, 1, 70, 0, '2023-08-23', 2),
(329, 1, 70, 0, '2023-11-23', 0),
(330, 1, 24, 0, '2022-10-12', 2),
(331, 1, 24, 0, '2023-01-12', 2),
(332, 1, 24, 0, '2023-04-12', 2),
(333, 1, 24, 0, '2023-07-12', 2),
(334, 1, 71, 0, '2022-10-12', 2),
(336, 1, 72, 0, '2022-10-12', 2),
(338, 1, 71, 0, '2023-01-12', 2),
(340, 1, 72, 0, '2023-01-12', 2),
(342, 1, 71, 0, '2023-04-17', 2),
(344, 1, 72, 0, '2023-04-17', 2),
(346, 1, 72, 0, '2023-07-25', 2),
(347, 1, 72, 0, '2023-10-04', 2),
(348, 1, 71, 0, '2023-07-25', 2),
(349, 1, 71, 0, '2023-10-04', 2),
(350, 1, 74, 0, '2023-04-12', 2),
(351, 1, 74, 0, '2023-07-12', 2),
(353, 1, 76, 0, '2022-05-02', 2),
(355, 1, 76, 0, '2022-09-13', 2),
(357, 1, 76, 0, '2022-12-14', 2),
(359, 1, 76, 0, '2023-02-09', 2),
(361, 1, 76, 0, '2023-04-10', 2),
(363, 1, 76, 0, '2023-08-02', 2),
(364, 1, 76, 0, '2023-10-05', 2),
(365, 1, 77, 0, '2022-05-02', 2),
(366, 1, 77, 0, '2022-08-02', 2),
(367, 1, 77, 0, '2022-11-02', 2),
(368, 1, 77, 0, '2023-02-02', 2),
(369, 1, 77, 0, '2023-05-02', 2),
(370, 1, 77, 0, '2023-08-02', 2),
(371, 1, 77, 0, '2023-10-05', 2),
(372, 1, 89, 0, '2019-07-18', 2),
(374, 1, 90, 0, '2019-01-30', 2),
(376, 1, 90, 0, '2021-04-12', 2),
(378, 1, 90, 0, '2019-09-05', 2),
(380, 1, 90, 0, '2021-10-26', 2),
(382, 1, 90, 0, '2022-01-29', 2),
(384, 1, 90, 0, '2022-07-26', 2),
(386, 1, 90, 0, '2022-11-24', 2),
(388, 1, 90, 0, '2023-02-09', 2),
(390, 1, 90, 0, '2023-10-26', 2),
(391, 1, 90, 0, '2023-11-07', 2),
(393, 1, 91, 0, '2023-05-30', 2),
(397, 1, 92, 0, '2022-07-30', 2),
(398, 1, 92, 0, '2022-10-30', 2),
(399, 1, 92, 0, '2023-01-30', 2),
(400, 1, 92, 0, '2023-04-30', 2),
(401, 1, 92, 0, '2023-11-08', 0),
(402, 1, 93, 0, '2022-08-30', 2),
(403, 1, 93, 0, '2022-11-30', 2),
(404, 1, 93, 0, '2023-11-14', 0),
(405, 1, 59, 0, '2023-12-13', 0),
(406, 1, 16, 0, '2023-12-14', 0),
(407, 1, 37, 0, '2023-10-20', 2),
(408, 1, 37, 0, '2023-12-14', 0),
(409, 1, 39, 0, '2023-10-20', 2),
(410, 1, 39, 0, '2023-12-14', 0),
(411, 1, 40, 0, '2023-12-15', 0),
(412, 1, 79, 0, '2023-10-27', 2),
(413, 1, 79, 0, '2023-12-18', 0),
(414, 1, 81, 0, '2023-10-27', 2),
(415, 1, 81, 0, '2023-12-18', 0),
(416, 1, 41, 0, '2023-10-27', 2),
(417, 1, 41, 0, '2023-12-18', 0),
(418, 1, 78, 0, '2023-10-27', 2),
(419, 1, 78, 0, '2023-12-18', 0),
(420, 1, 80, 0, '2023-10-27', 2),
(421, 1, 80, 0, '2023-12-18', 0),
(422, 1, 48, 0, '2023-10-25', 2),
(423, 1, 48, 0, '2023-12-19', 0),
(424, 1, 53, 0, '2023-12-13', 0),
(425, 2, 0, 6, '2023-09-20', 2),
(426, 2, 0, 7, '2023-09-21', 2),
(429, 1, 94, 0, '2023-09-15', 2),
(430, 1, 94, 0, '2023-12-15', 0),
(431, 1, 95, 0, '2023-09-15', 2),
(432, 1, 95, 0, '2023-12-15', 0),
(433, 1, 85, 0, '2023-12-15', 0),
(434, 2, 0, 8, '2023-09-19', 2),
(435, 2, 0, 9, '2023-09-15', 2),
(436, 2, 0, 10, '2023-09-15', 2),
(437, 2, 0, 11, '2023-09-15', 2),
(438, 2, 0, 12, '2023-09-20', 2),
(439, 2, 0, 13, '2023-09-20', 2),
(440, 2, 0, 14, '2023-09-20', 2),
(441, 2, 0, 15, '2023-09-27', 2),
(445, 2, 0, 19, '2023-09-28', 2),
(446, 2, 0, 20, '2023-09-27', 2),
(447, 2, 0, 21, '2023-10-05', 2),
(448, 2, 0, 22, '2023-09-29', 2),
(449, 2, 0, 23, '2023-09-25', 2),
(450, 1, 91, 0, '2023-11-30', 2),
(451, 1, 91, 0, '2023-12-25', 0),
(453, 1, 96, 0, '2023-12-26', 2),
(455, 1, 96, 0, '2023-12-26', 2),
(457, 1, 96, 0, '2024-03-26', 2),
(459, 1, 97, 0, '2023-12-26', 2),
(461, 1, 97, 0, '2024-03-26', 2),
(463, 1, 97, 0, '2024-06-26', 2),
(465, 1, 74, 0, '2023-10-13', 2),
(466, 1, 74, 0, '2023-10-03', 2),
(467, 1, 98, 0, '2024-03-27', 0),
(468, 1, 56, 0, '2023-10-03', 2),
(469, 1, 69, 0, '2023-10-17', 2),
(470, 1, 33, 0, '2023-04-26', 0),
(471, 1, 75, 0, '2023-08-03', 0),
(472, 1, 89, 0, '2020-01-19', 2),
(473, 1, 89, 0, '2023-07-19', 0),
(474, 1, 51, 0, '2023-12-01', 2),
(475, 1, 38, 0, '2023-12-26', 0),
(476, 1, 23, 0, '2023-10-26', 2),
(477, 1, 23, 0, '2023-12-26', 0),
(478, 2, 0, 25, '2023-10-07', 0),
(479, 2, 0, 26, '2023-10-11', 2),
(480, 1, 51, 0, '2024-06-01', 0),
(481, 1, 69, 0, '2024-01-17', 0),
(482, 1, 2, 0, '2024-02-24', 0),
(483, 1, 56, 0, '2024-01-03', 0),
(484, 2, 0, 27, '2023-10-06', 2),
(485, 1, 74, 0, '2024-01-03', 0),
(486, 1, 72, 0, '2024-01-04', 0),
(487, 1, 71, 0, '2024-01-04', 0),
(488, 1, 55, 0, '2024-01-05', 0),
(489, 1, 86, 0, '2024-01-05', 0),
(490, 1, 76, 0, '2024-01-05', 0),
(491, 1, 77, 0, '2024-01-05', 0),
(492, 1, 82, 0, '2024-01-05', 0),
(493, 2, 0, 28, '2023-10-05', 2),
(494, 2, 0, 29, '2023-10-09', 2),
(495, 1, 58, 0, '2023-10-10', 2),
(497, 1, 99, 0, '2023-01-30', 2),
(499, 1, 99, 0, '2023-05-07', 2),
(500, 1, 99, 0, '2023-10-17', 2),
(501, 1, 58, 0, '2024-01-11', 0),
(502, 2, 0, 30, '2023-01-11', 2),
(503, 2, 0, 31, '2023-01-20', 0),
(504, 2, 0, 32, '2023-10-10', 2),
(505, 1, 87, 0, '2024-01-13', 0),
(506, 2, 0, 33, '2023-10-17', 0),
(507, 2, 0, 34, '2023-10-16', 2),
(508, 2, 0, 35, '2023-10-17', 2),
(509, 1, 32, 0, '2024-01-13', 0),
(510, 1, 27, 0, '2024-01-13', 0),
(511, 2, 0, 36, '2023-10-18', 0),
(512, 2, 0, 37, '2023-10-19', 0),
(513, 2, 0, 38, '2023-10-20', 0),
(514, 2, 0, 39, '2023-10-13', 2),
(516, 2, 0, 41, '2023-10-16', 2),
(517, 1, 26, 0, '2024-01-16', 0),
(518, 1, 29, 0, '2024-01-16', 0),
(519, 1, 30, 0, '2024-01-16', 0),
(520, 1, 31, 0, '2024-01-16', 0),
(521, 1, 28, 0, '2024-01-16', 0),
(522, 1, 100, 0, '2024-01-17', 0),
(523, 2, 0, 42, '2023-10-17', 0),
(524, 2, 0, 43, '2023-10-17', 0),
(525, 2, 0, 44, '2023-10-17', 0),
(526, 1, 99, 0, '2024-01-17', 0),
(527, 1, 101, 0, '2023-07-07', 0);

-- --------------------------------------------------------

--
-- Table structure for table `service_call`
--

CREATE TABLE `service_call` (
  `sv_id` int(11) NOT NULL,
  `guest` tinyint(2) NOT NULL DEFAULT 0,
  `client_id` int(11) NOT NULL,
  `contract_id` int(11) DEFAULT NULL,
  `guest_name` varchar(200) DEFAULT NULL,
  `guest_address` varchar(150) DEFAULT NULL,
  `machine_type` int(11) NOT NULL,
  `brand` varchar(100) DEFAULT NULL,
  `model` varchar(100) DEFAULT NULL,
  `rep_problem` varchar(100) NOT NULL
) ENGINE=InnoDB DEFAULT CHARSET=utf8mb4;

--
-- Dumping data for table `service_call`
--

INSERT INTO `service_call` (`sv_id`, `guest`, `client_id`, `contract_id`, `guest_name`, `guest_address`, `machine_type`, `brand`, `model`, `rep_problem`) VALUES
(1, 1, 1, 0, NULL, NULL, 1, 'GE', 'BRIGHTSPEED', 'SCANNER HARDWARE STOP SCAN'),
(2, 2, 1, 1, NULL, NULL, 1, NULL, NULL, 'RTRETERT'),
(3, 1, 70, 0, NULL, NULL, 1, 'GE', 'Lightspeed 16', 'SCANNER HARDWARE STOP SCAN AND ARTIFACTS'),
(4, 1, 24, 0, NULL, NULL, 4, 'DONGMUN', 'DM525', 'WEAR AND TEAR CASTER WHEEL'),
(5, 1, 24, 0, NULL, NULL, 9, 'JPI', 'EXAMVUE', 'ARTIFACTS'),
(6, 1, 10, 0, NULL, NULL, 4, 'Dongmun', 'DM-525MR', 'Low voltage charging'),
(7, 1, 78, 0, NULL, NULL, 4, 'Hyundai Med', 'UNI-X', 'Installation of 28 pcs battery'),
(8, 2, 72, 20, NULL, NULL, 1, NULL, NULL, 'Scanning hardware stopped scan'),
(9, 1, 76, 0, NULL, NULL, 1, 'GE', 'Brivo 325', 'DOH Inspection'),
(10, 1, 76, 0, NULL, NULL, 3, 'Dongkang', 'DKII-525R', 'DOH Inspection'),
(11, 1, 76, 0, NULL, NULL, 9, 'JPI', 'Examvue Pro', 'DOH Inspection'),
(12, 1, 76, 0, NULL, NULL, 1, 'GE', 'Brivo CT325', 'FDA Inspection'),
(13, 1, 76, 0, NULL, NULL, 4, 'Dongmun', 'DM-525MR', 'FDA Inspection'),
(14, 1, 76, 0, NULL, NULL, 3, 'Dongkang', 'DKII-525R', 'FDA Inspection'),
(15, 1, 44, 0, NULL, NULL, 3, 'Test', '12', 'None'),
(16, 1, 44, 0, NULL, NULL, 2, 'Test', 'Test CG', 'Test'),
(17, 1, 44, 0, NULL, NULL, 3, 'Test', 'GE', 'Te'),
(18, 1, 45, 0, NULL, NULL, 5, 'Genoray', 'DMX-600', 'FDA Performance Testing'),
(19, 1, 45, 0, NULL, NULL, 5, 'Genoray', 'DMX-600', 'FDA Performance Testing'),
(20, 2, 67, 17, NULL, NULL, 4, NULL, NULL, 'Replacement of Collimator Bulb & Switch'),
(21, 1, 10, 0, NULL, NULL, 4, 'Dongmun', 'DM-525MR', 'Replacement of charger board'),
(22, 2, 4, 23, NULL, NULL, 1, NULL, NULL, 'Replacement of X-ray Tube'),
(23, 1, 71, 0, NULL, NULL, 9, 'JPI Flat Panel Detector', '1500 CW', 'Corrupted monitor'),
(24, 1, 12, 0, NULL, NULL, 3, 'GE', 'Brivo', 'Inspection of xray generator'),
(25, 1, 4, 0, NULL, NULL, 1, 'GE', 'Revolution ACT', 'Replacement of sticker'),
(26, 1, 34, 0, NULL, NULL, 4, 'WellMed Co.', 'MIS', 'Delivery of refurbished mobile x-ray unit'),
(27, 1, 2, 0, NULL, NULL, 9, 'JPI Flat Panel Detector', '1500CW', 'Monitor problem'),
(28, 2, 10, 95, NULL, NULL, 3, NULL, NULL, 'Tube Stand Rotation Problem'),
(29, 2, 2, 16, NULL, NULL, 3, NULL, NULL, 'Installation of collimator bulb'),
(30, 1, 75, 0, NULL, NULL, 1, 'GE', 'Lightspeed', 'Installation completion'),
(31, 1, 75, 0, NULL, NULL, 1, 'GE', 'Lightspeed', 'Application training / Turn over & warranty certificate'),
(32, 1, 75, 0, NULL, NULL, 1, 'GE', 'Lightspeed', 'Unable to verify the system on start-up / Black screen'),
(33, 1, 75, 0, NULL, NULL, 1, 'GE', 'Lightspeed', 'CT Repair / HDD Replacement'),
(34, 1, 34, 0, NULL, NULL, 4, 'MIS', '1300RM', 'Drive Motor Battery Replacement'),
(35, 1, 73, 0, NULL, NULL, 3, 'GE', 'XR-21', 'Pull out of HV Tank'),
(36, 1, 76, 0, NULL, NULL, 1, 'GE', 'Brivo 325', 'CT Apps Training'),
(37, 1, 76, 0, NULL, NULL, 1, 'GE', 'Brivo 325', 'CT Apps Training'),
(38, 1, 76, 0, NULL, NULL, 1, 'GE', 'Brivo 325', 'CT Apps Training'),
(39, 2, 7, 25, NULL, NULL, 1, NULL, NULL, 'Firmware Error'),
(40, 2, 7, 25, NULL, NULL, 1, NULL, NULL, 'A1 Panel Problem'),
(41, 2, 7, 25, NULL, NULL, 1, NULL, NULL, 'Sudden shutdown of gantry during scanning'),
(42, 1, 75, 0, NULL, NULL, 1, 'GE', 'Lightspeed', 'Black screen / No Display Problem / Boot up problem'),
(43, 1, 75, 0, NULL, NULL, 1, 'GE', 'Lightspeed', 'Black screen / No display problem / Boot up problem'),
(44, 1, 75, 0, NULL, NULL, 1, 'GE', 'Lightspeed', 'No Display Problem / Boot up problem');

-- --------------------------------------------------------

--
-- Table structure for table `users`
--

CREATE TABLE `users` (
  `mem_id` int(11) NOT NULL,
  `firstname` varchar(50) NOT NULL,
  `lastname` varchar(50) NOT NULL,
  `username` varchar(30) NOT NULL,
  `email` varchar(100) NOT NULL,
  `password` varchar(15) NOT NULL,
  `type` varchar(100) NOT NULL,
  `imglink` varchar(100) NOT NULL,
  `coverPhoto` varchar(100) DEFAULT NULL,
  `userStatus` tinyint(1) NOT NULL DEFAULT 1
) ENGINE=InnoDB DEFAULT CHARSET=latin1;

--
-- Dumping data for table `users`
--

INSERT INTO `users` (`mem_id`, `firstname`, `lastname`, `username`, `email`, `password`, `type`, `imglink`, `coverPhoto`, `userStatus`) VALUES
(1, 'KVP', 'Service', 'admin', 'admin@gmail.com', 'admin', '', '../uploads/352479396_978701793574802_4879952464577057909_n.jpg', '../uploads/cover/KVP LOGO.jpg', 1),
(2, 'Danda', 'Ragos', 'dandan', 'dandanragos@gmail.com', '1234', 'admin', '../uploads/line_seiki.jpg', '../uploads/cover/desola-lanre-ologun-zYgV-NGZtlA-unsplash.jpg', 1),
(3, 'Test', 'None', 'dandan123', 'dandanragoss@gmail.com', '123', 'admin', '../uploads/user.png', NULL, 1),
(4, 'Jeffrey', 'Disonglo', 'jeff', 'jeffreydisonglo@gmail.com', 'eXper1en@e', 'admin', '../uploads/user.png', NULL, 1),
(5, 'Cloyd', 'Lojuco', 'cloyd', 'cloyd.kvp@gmail.com', 'cloyd', 'admin', '../uploads/IMG_20210630_124421.jpg', '../uploads/cover/IMG_20210630_124202.jpg', 1),
(6, 'Richard', 'Villena', 'richard', 'richardkvp25@gmail.com', 'richard', 'visitor', '../uploads/Screenshot_20230711-164014_Facebook.jpg', NULL, 1),
(7, 'Dandred', 'Manoot', 'dred', 'dredmanoot85@gmail.com', 'dred', 'visitor', '../uploads/user.png', NULL, 1),
(8, 'KVP', 'Sales Dept', 'sales', 'czardavidquijada@gmail.com', 'sales', 'visitor', '../uploads/user.png', NULL, 1),
(9, 'Aldrin', 'Serrano', 'aldrin', 'aldrin.kvp@gmail.com', 'aldrin', 'admin', '../uploads/user.png', NULL, 1),
(10, 'Camille', 'Taeza', 'camille', 'camilleacctng23@gmail.com', 'camille', 'visitor', '../uploads/user.png', NULL, 1);

-- --------------------------------------------------------

--
-- Table structure for table `user_notification`
--

CREATE TABLE `user_notification` (
  `id` int(11) NOT NULL,
  `user_id` int(11) NOT NULL,
  `notification_id` int(11) NOT NULL,
  `is_read` tinyint(1) NOT NULL DEFAULT 0,
  `read_at` datetime DEFAULT NULL
) ENGINE=InnoDB DEFAULT CHARSET=utf8mb4;

--
-- Dumping data for table `user_notification`
--

INSERT INTO `user_notification` (`id`, `user_id`, `notification_id`, `is_read`, `read_at`) VALUES
(1, 1, 1, 1, '2023-09-12 08:35:01'),
(2, 1, 2, 1, '2023-09-12 08:35:01'),
(3, 1, 3, 1, '2023-09-12 08:35:01'),
(4, 1, 5, 1, '2023-09-12 08:35:01'),
(5, 1, 6, 1, '2023-09-12 08:35:01'),
(6, 1, 8, 1, '2023-09-12 09:18:40'),
(7, 1, 9, 1, '2023-09-20 14:08:32'),
(8, 1, 10, 1, '2023-09-20 14:08:32'),
(9, 1, 11, 1, '2023-09-20 14:08:32'),
(10, 1, 12, 1, '2023-09-20 14:08:32'),
(11, 1, 13, 1, '2023-09-20 14:08:32'),
(12, 1, 14, 1, '2023-09-20 14:08:32'),
(13, 1, 15, 1, '2023-09-20 14:08:32'),
(14, 1, 16, 1, '2023-09-20 14:08:32'),
(15, 1, 18, 1, '2023-09-20 14:08:32'),
(16, 1, 19, 1, '2023-09-20 14:08:32'),
(17, 1, 20, 1, '2023-09-20 14:08:32'),
(18, 1, 21, 1, '2023-09-20 14:08:32'),
(19, 1, 22, 1, '2023-09-20 14:08:32'),
(20, 1, 23, 1, '2023-09-20 14:08:32'),
(21, 1, 24, 1, '2023-09-20 14:08:32'),
(22, 1, 25, 1, '2023-09-20 14:08:32'),
(23, 1, 26, 1, '2023-09-20 14:08:32'),
(24, 1, 27, 1, '2023-09-20 14:08:32'),
(25, 1, 28, 1, '2023-09-20 14:08:32'),
(26, 1, 29, 1, '2023-09-20 14:08:32'),
(27, 1, 30, 1, '2023-09-20 14:08:32'),
(28, 1, 31, 1, '2023-09-20 14:08:32'),
(29, 1, 32, 1, '2023-09-20 14:08:32'),
(30, 1, 33, 1, '2023-09-20 14:08:32'),
(31, 1, 34, 1, '2023-09-20 14:08:32'),
(32, 1, 35, 1, '2023-09-20 14:08:32'),
(33, 1, 36, 1, '2023-09-20 14:08:32'),
(34, 1, 37, 1, '2023-09-20 14:08:32'),
(35, 1, 38, 1, '2023-09-20 14:08:32'),
(36, 1, 39, 1, '2023-09-20 14:08:32'),
(37, 1, 40, 1, '2023-09-20 14:08:32'),
(38, 1, 41, 1, '2023-09-20 14:08:32'),
(39, 1, 42, 1, '2023-09-20 14:08:32'),
(40, 1, 43, 1, '2023-09-20 14:08:32'),
(41, 1, 44, 1, '2023-09-20 14:08:32'),
(42, 1, 45, 1, '2023-09-20 14:08:32'),
(43, 1, 46, 1, '2023-09-20 14:08:32'),
(44, 1, 48, 1, '2023-09-20 14:08:32'),
(45, 1, 49, 1, '2023-09-20 14:08:32'),
(46, 1, 50, 1, '2023-09-20 14:08:32'),
(47, 1, 51, 1, '2023-09-20 14:08:32'),
(48, 1, 52, 1, '2023-09-20 14:08:32'),
(49, 1, 53, 1, '2023-09-20 14:08:32'),
(50, 1, 54, 1, '2023-09-20 14:08:32'),
(51, 1, 55, 1, '2023-09-20 14:08:32'),
(52, 1, 56, 1, '2023-09-20 14:08:32'),
(53, 1, 57, 1, '2023-09-20 14:08:32'),
(54, 1, 58, 1, '2023-09-20 14:08:32'),
(55, 1, 59, 1, '2023-09-20 14:08:32'),
(56, 1, 60, 1, '2023-09-20 14:08:32'),
(57, 1, 61, 1, '2023-09-20 14:08:32'),
(58, 1, 62, 1, '2023-09-20 14:08:32'),
(59, 1, 63, 1, '2023-09-20 14:08:32'),
(60, 1, 64, 1, '2023-09-20 14:08:32'),
(61, 1, 65, 1, '2023-09-20 14:08:32'),
(62, 1, 66, 1, '2023-09-20 14:08:32'),
(63, 1, 67, 1, '2023-09-20 14:08:32'),
(64, 1, 68, 1, '2023-09-20 14:08:32'),
(65, 1, 69, 1, '2023-09-20 14:08:32'),
(66, 1, 70, 1, '2023-09-20 14:08:32'),
(67, 1, 71, 1, '2023-09-20 14:08:32'),
(68, 1, 72, 1, '2023-09-20 14:08:32'),
(69, 1, 73, 1, '2023-09-20 14:08:32'),
(70, 1, 74, 1, '2023-09-20 14:08:32'),
(71, 1, 75, 1, '2023-09-20 14:08:32'),
(72, 1, 76, 1, '2023-09-20 14:08:32'),
(73, 1, 77, 1, '2023-09-20 14:08:32'),
(74, 1, 78, 1, '2023-09-20 14:08:32'),
(75, 1, 79, 1, '2023-09-20 14:08:32'),
(76, 1, 80, 1, '2023-09-20 14:08:32'),
(77, 1, 81, 1, '2023-09-20 14:08:32'),
(78, 1, 82, 1, '2023-09-20 14:08:32'),
(79, 1, 84, 1, '2023-09-20 14:08:32'),
(80, 1, 85, 1, '2023-09-20 14:08:32'),
(81, 1, 86, 1, '2023-09-20 14:08:32'),
(82, 1, 87, 1, '2023-09-20 14:08:32'),
(83, 1, 88, 1, '2023-09-20 14:08:32'),
(84, 1, 89, 1, '2023-09-20 14:08:32'),
(85, 1, 90, 1, '2023-09-20 14:08:32'),
(86, 1, 91, 1, '2023-09-20 14:08:32'),
(87, 1, 92, 1, '2023-09-20 14:08:32'),
(88, 1, 93, 1, '2023-09-20 14:08:32'),
(89, 1, 94, 1, '2023-09-20 14:08:32'),
(90, 1, 95, 1, '2023-09-20 14:08:32'),
(91, 1, 96, 1, '2023-09-20 14:08:32'),
(92, 1, 97, 1, '2023-09-20 14:08:32'),
(93, 1, 98, 1, '2023-09-20 14:08:32'),
(94, 1, 99, 1, '2023-09-20 14:08:32'),
(95, 1, 100, 1, '2023-09-20 14:08:32'),
(96, 1, 101, 1, '2023-09-20 14:08:32'),
(97, 1, 102, 1, '2023-09-20 14:08:32'),
(98, 1, 103, 1, '2023-09-20 14:08:32'),
(99, 1, 104, 1, '2023-09-20 14:08:32'),
(100, 1, 105, 1, '2023-09-20 14:08:32'),
(101, 1, 106, 1, '2023-09-20 14:08:32'),
(102, 1, 107, 1, '2023-09-20 14:08:32'),
(103, 1, 108, 1, '2023-09-20 14:08:32'),
(104, 1, 109, 1, '2023-09-20 14:08:32'),
(105, 1, 110, 1, '2023-09-20 14:08:32'),
(106, 1, 111, 1, '2023-09-20 14:08:32'),
(107, 1, 112, 1, '2023-09-20 14:08:32'),
(108, 1, 113, 1, '2023-09-20 14:08:32'),
(109, 1, 114, 1, '2023-09-20 14:08:32'),
(110, 1, 115, 1, '2023-09-20 14:08:32'),
(111, 1, 116, 1, '2023-09-20 14:08:32'),
(112, 1, 117, 1, '2023-09-20 14:08:32'),
(113, 1, 118, 1, '2023-09-20 14:08:32'),
(114, 1, 119, 1, '2023-09-20 14:08:32'),
(115, 1, 120, 1, '2023-09-20 14:08:32'),
(116, 1, 122, 1, '2023-09-20 14:08:32'),
(117, 1, 123, 1, '2023-09-20 14:08:32'),
(118, 1, 124, 1, '2023-09-20 14:08:32'),
(119, 1, 125, 1, '2023-09-20 14:08:32'),
(120, 1, 126, 1, '2023-09-20 14:08:32'),
(121, 1, 127, 1, '2023-09-20 14:08:32'),
(122, 1, 128, 1, '2023-09-20 14:08:32'),
(123, 1, 129, 1, '2023-09-20 14:08:32'),
(124, 1, 130, 1, '2023-09-20 14:08:32'),
(125, 1, 131, 1, '2023-09-20 14:08:32'),
(126, 1, 132, 1, '2023-09-20 14:08:32'),
(127, 1, 133, 1, '2023-09-20 14:08:32'),
(128, 1, 134, 1, '2023-09-20 14:08:32'),
(129, 1, 135, 1, '2023-09-20 14:08:32'),
(130, 1, 137, 1, '2023-09-20 14:08:32'),
(131, 1, 138, 1, '2023-09-20 14:08:32'),
(132, 0, 139, 0, NULL),
(133, 0, 140, 0, NULL),
(134, 0, 141, 0, NULL),
(135, 0, 142, 0, NULL),
(136, 1, 143, 1, '2023-09-20 14:08:32'),
(137, 1, 144, 1, '2023-09-20 14:08:32'),
(138, 1, 145, 1, '2023-09-20 14:08:32'),
(139, 1, 146, 1, '2023-09-20 14:08:32'),
(140, 1, 148, 1, '2023-09-20 14:08:32'),
(141, 1, 149, 1, '2023-09-20 14:08:32'),
(142, 1, 150, 1, '2023-09-20 14:08:32'),
(143, 1, 151, 1, '2023-09-20 14:08:32'),
(144, 1, 152, 1, '2023-09-20 14:08:32'),
(145, 1, 153, 1, '2023-09-20 14:08:32'),
(146, 1, 154, 1, '2023-09-20 14:08:32'),
(147, 1, 155, 1, '2023-09-20 14:08:32'),
(148, 1, 156, 1, '2023-09-20 14:08:32'),
(149, 1, 157, 1, '2023-09-20 14:08:32'),
(150, 1, 158, 1, '2023-09-20 14:08:32'),
(151, 1, 159, 1, '2023-09-20 14:08:32'),
(152, 1, 160, 1, '2023-09-20 14:08:32'),
(153, 1, 161, 1, '2023-09-20 14:08:32'),
(154, 1, 162, 1, '2023-09-20 14:08:32'),
(155, 1, 163, 1, '2023-09-20 14:08:32'),
(156, 1, 164, 1, '2023-09-20 14:08:32'),
(157, 1, 165, 1, '2023-09-20 14:08:32'),
(158, 1, 166, 1, '2023-09-20 14:08:32'),
(159, 1, 167, 1, '2023-09-20 14:08:32'),
(160, 1, 168, 1, '2023-09-20 14:08:32'),
(161, 1, 169, 1, '2023-09-20 14:08:32'),
(162, 1, 170, 1, '2023-09-20 14:08:32'),
(163, 1, 171, 1, '2023-09-20 14:08:32'),
(164, 1, 172, 1, '2023-09-20 14:08:32'),
(165, 1, 173, 1, '2023-09-20 14:08:32'),
(166, 1, 174, 1, '2023-09-20 14:08:32'),
(167, 1, 175, 1, '2023-09-20 14:08:32'),
(168, 1, 176, 1, '2023-09-20 14:08:32'),
(169, 1, 177, 1, '2023-09-20 14:08:32'),
(170, 1, 178, 1, '2023-09-20 14:08:32'),
(171, 1, 179, 1, '2023-09-20 14:08:32'),
(172, 1, 180, 1, '2023-09-20 14:08:32'),
(173, 1, 181, 1, '2023-09-20 14:08:32'),
(174, 1, 182, 1, '2023-09-20 14:08:32'),
(175, 1, 183, 1, '2023-09-20 14:08:32'),
(176, 1, 184, 1, '2023-09-20 14:08:32'),
(177, 1, 185, 1, '2023-09-20 14:08:32'),
(178, 1, 186, 1, '2023-09-20 14:08:32'),
(179, 1, 187, 1, '2023-09-20 14:08:32'),
(180, 1, 188, 1, '2023-09-20 14:08:32'),
(181, 1, 189, 1, '2023-09-20 14:08:32'),
(182, 1, 190, 1, '2023-09-20 14:08:32'),
(183, 1, 191, 1, '2023-09-20 14:08:32'),
(184, 1, 192, 1, '2023-09-20 14:08:32'),
(185, 1, 193, 1, '2023-09-20 14:08:32'),
(186, 1, 194, 1, '2023-09-20 14:08:32'),
(187, 1, 195, 1, '2023-09-20 14:08:32'),
(188, 1, 196, 1, '2023-09-20 14:08:32'),
(189, 1, 197, 1, '2023-09-20 14:08:32'),
(190, 1, 198, 1, '2023-09-20 14:08:32'),
(191, 1, 199, 1, '2023-09-20 14:08:32'),
(192, 1, 200, 1, '2023-09-20 14:08:32'),
(193, 1, 201, 1, '2023-09-20 14:08:32'),
(194, 1, 202, 1, '2023-09-20 14:08:32'),
(195, 1, 203, 1, '2023-09-20 14:08:32'),
(196, 1, 204, 1, '2023-09-20 14:08:32'),
(197, 1, 205, 1, '2023-09-20 14:08:32'),
(198, 1, 206, 1, '2023-09-20 14:08:32'),
(199, 1, 207, 1, '2023-09-20 14:08:32'),
(200, 1, 208, 1, '2023-09-20 14:08:32'),
(201, 1, 209, 1, '2023-09-20 14:08:32'),
(202, 1, 210, 1, '2023-09-20 14:08:32'),
(203, 1, 211, 1, '2023-09-20 14:08:32'),
(204, 1, 212, 1, '2023-09-20 14:08:32'),
(205, 1, 213, 1, '2023-09-20 14:08:32'),
(206, 1, 214, 1, '2023-09-20 14:08:32'),
(207, 1, 215, 1, '2023-09-20 14:08:32'),
(208, 1, 216, 1, '2023-09-20 14:08:32'),
(209, 1, 217, 1, '2023-09-20 14:08:32'),
(210, 1, 218, 1, '2023-09-20 14:08:32'),
(211, 1, 219, 1, '2023-09-20 14:08:32'),
(212, 1, 220, 1, '2023-09-20 14:08:32'),
(213, 1, 221, 1, '2023-09-20 14:08:32'),
(214, 1, 222, 1, '2023-09-21 09:27:48'),
(215, 1, 223, 1, '2023-09-21 09:27:48'),
(216, 1, 224, 1, '2023-09-21 09:27:48'),
(217, 1, 225, 1, '2023-09-21 09:27:48'),
(218, 1, 226, 1, '2023-09-21 09:27:48'),
(219, 1, 227, 1, '2023-09-21 09:27:48'),
(220, 1, 228, 1, '2023-09-21 09:27:48'),
(221, 1, 229, 1, '2023-09-21 09:27:48'),
(222, 1, 230, 1, '2023-09-21 09:27:48'),
(223, 1, 231, 1, '2023-09-21 09:27:48'),
(224, 1, 232, 1, '2023-09-21 09:27:48'),
(225, 1, 233, 1, '2023-09-21 09:27:48'),
(226, 1, 234, 1, '2023-09-21 09:27:48'),
(227, 1, 235, 1, '2023-09-21 09:27:48'),
(228, 1, 236, 1, '2023-09-21 09:27:48'),
(229, 1, 237, 1, '2023-09-21 09:27:48'),
(230, 1, 238, 1, '2023-09-21 09:27:48'),
(231, 1, 239, 1, '2023-09-21 09:27:48'),
(232, 1, 240, 1, '2023-09-25 15:38:30'),
(233, 1, 241, 1, '2023-09-25 15:38:30'),
(234, 1, 242, 1, '2023-09-25 15:38:30'),
(235, 1, 243, 1, '2023-09-25 15:38:30'),
(236, 1, 244, 1, '2023-09-25 15:38:30'),
(237, 1, 245, 1, '2023-09-25 15:38:30'),
(238, 1, 246, 1, '2023-09-25 15:38:30'),
(239, 1, 247, 1, '2023-09-25 15:38:30'),
(240, 1, 248, 1, '2023-09-25 15:38:30'),
(241, 1, 249, 1, '2023-09-25 15:38:30'),
(242, 4, 250, 1, '2023-09-26 13:54:30'),
(243, 4, 251, 1, '2023-09-26 13:54:30'),
(244, 5, 251, 1, '2023-09-25 15:27:58'),
(245, 7, 251, 0, NULL),
(246, 4, 252, 1, '2023-09-26 13:54:30'),
(247, 5, 252, 1, '2023-09-25 15:43:24'),
(248, 7, 252, 0, NULL),
(249, 4, 259, 1, '2023-09-26 13:54:30'),
(250, 5, 259, 1, '2023-10-02 07:57:16'),
(251, 7, 260, 0, NULL),
(252, 6, 260, 0, NULL),
(253, 0, 261, 0, NULL),
(254, 0, 262, 0, NULL),
(255, 7, 263, 0, NULL),
(256, 0, 264, 0, NULL),
(257, 0, 265, 0, NULL),
(258, 0, 266, 0, NULL),
(259, 0, 267, 0, NULL),
(260, 6, 268, 0, NULL),
(261, 7, 268, 0, NULL),
(262, 4, 269, 0, NULL),
(263, 9, 269, 0, NULL),
(264, 5, 269, 1, '2023-10-02 07:57:16'),
(265, 7, 269, 0, NULL),
(266, 6, 269, 0, NULL),
(267, 4, 270, 0, NULL),
(268, 5, 270, 1, '2023-10-02 07:57:16'),
(269, 6, 270, 0, NULL),
(270, 7, 270, 0, NULL),
(271, 9, 270, 0, NULL),
(272, 6, 271, 0, NULL),
(273, 7, 271, 0, NULL),
(274, 5, 272, 1, '2023-10-02 07:57:16'),
(275, 4, 272, 0, NULL),
(276, 4, 273, 0, NULL),
(277, 6, 273, 0, NULL),
(278, 7, 273, 0, NULL),
(279, 5, 273, 1, '2023-10-02 07:57:16'),
(280, 5, 274, 1, '2023-10-02 07:57:16'),
(281, 7, 274, 0, NULL),
(282, 1, 275, 1, '2023-10-04 09:15:28'),
(283, 1, 276, 1, '2023-10-04 09:15:28'),
(284, 1, 277, 1, '2023-10-04 09:15:28'),
(285, 1, 278, 1, '2023-10-04 09:15:28'),
(286, 0, 279, 0, NULL),
(287, 4, 280, 0, NULL),
(288, 5, 280, 1, '2023-10-08 20:50:31'),
(289, 7, 281, 0, NULL),
(290, 6, 281, 0, NULL),
(291, 6, 282, 0, NULL),
(292, 7, 282, 0, NULL),
(293, 7, 283, 0, NULL),
(294, 6, 283, 0, NULL),
(295, 7, 284, 0, NULL),
(296, 6, 284, 0, NULL),
(297, 7, 285, 0, NULL),
(298, 6, 285, 0, NULL),
(299, 6, 286, 0, NULL),
(300, 7, 286, 0, NULL),
(301, 6, 287, 0, NULL),
(302, 7, 287, 0, NULL),
(303, 7, 288, 0, NULL),
(304, 6, 288, 0, NULL),
(305, 5, 289, 1, '2023-10-08 20:50:31'),
(306, 4, 289, 0, NULL),
(307, 9, 289, 0, NULL),
(308, 5, 290, 1, '2023-10-08 20:50:31'),
(309, 4, 290, 0, NULL),
(310, 9, 290, 0, NULL),
(311, 5, 291, 1, '2023-10-08 20:50:31'),
(312, 4, 291, 0, NULL),
(313, 9, 291, 0, NULL),
(314, 5, 292, 1, '2023-10-08 20:50:31'),
(315, 4, 292, 0, NULL),
(316, 9, 292, 0, NULL),
(317, 6, 293, 0, NULL),
(318, 7, 293, 0, NULL),
(319, 4, 294, 0, NULL),
(320, 5, 294, 0, NULL),
(321, 6, 295, 0, NULL),
(322, 7, 295, 0, NULL),
(323, 7, 296, 0, NULL),
(324, 6, 296, 0, NULL),
(325, 9, 296, 0, NULL),
(326, 5, 297, 0, NULL),
(327, 4, 297, 0, NULL),
(328, 5, 298, 0, NULL),
(329, 7, 298, 0, NULL),
(330, 3, 299, 0, NULL),
(331, 9, 300, 0, NULL),
(332, 5, 300, 0, NULL),
(333, 4, 300, 0, NULL),
(334, 7, 300, 0, NULL),
(335, 9, 301, 0, NULL),
(336, 5, 301, 0, NULL),
(337, 4, 301, 0, NULL),
(338, 7, 301, 0, NULL),
(339, 4, 302, 0, NULL),
(340, 5, 302, 0, NULL),
(341, 9, 303, 0, NULL),
(342, 7, 303, 0, NULL),
(343, 6, 303, 0, NULL),
(344, 9, 304, 0, NULL),
(345, 7, 304, 0, NULL),
(346, 6, 304, 0, NULL),
(347, 6, 305, 0, NULL),
(348, 7, 305, 0, NULL),
(349, 6, 306, 0, NULL),
(350, 7, 306, 0, NULL),
(351, 5, 307, 0, NULL),
(352, 4, 307, 0, NULL),
(353, 9, 308, 0, NULL),
(354, 6, 309, 0, NULL),
(355, 7, 309, 0, NULL),
(356, 4, 310, 0, NULL),
(357, 5, 310, 0, NULL),
(358, 7, 310, 0, NULL),
(359, 4, 311, 0, NULL),
(360, 5, 311, 0, NULL),
(361, 7, 311, 0, NULL),
(362, 4, 312, 0, NULL),
(363, 5, 312, 0, NULL),
(364, 7, 312, 0, NULL),
(365, 4, 313, 0, NULL),
(366, 5, 313, 0, NULL),
(367, 4, 314, 0, NULL),
(368, 5, 314, 0, NULL),
(369, 4, 315, 0, NULL),
(370, 5, 315, 0, NULL),
(371, 4, 316, 0, NULL),
(372, 5, 316, 0, NULL),
(373, 7, 316, 0, NULL),
(374, 4, 317, 0, NULL),
(375, 5, 317, 0, NULL),
(376, 7, 317, 0, NULL),
(377, 4, 318, 0, NULL),
(378, 5, 318, 0, NULL),
(379, 9, 319, 0, NULL),
(380, 7, 319, 0, NULL),
(381, 4, 320, 0, NULL),
(382, 5, 320, 0, NULL),
(383, 6, 320, 0, NULL),
(384, 4, 321, 0, NULL),
(385, 5, 321, 0, NULL),
(386, 6, 321, 0, NULL),
(387, 4, 322, 0, NULL),
(388, 5, 322, 0, NULL),
(389, 6, 322, 0, NULL),
(390, 4, 323, 0, NULL),
(391, 5, 323, 0, NULL),
(392, 6, 323, 0, NULL),
(393, 4, 324, 0, NULL),
(394, 5, 324, 0, NULL),
(395, 6, 324, 0, NULL),
(396, 4, 325, 0, NULL),
(397, 5, 325, 0, NULL),
(398, 6, 325, 0, NULL),
(399, 4, 326, 0, NULL),
(400, 5, 326, 0, NULL),
(401, 6, 326, 0, NULL),
(402, 0, 327, 0, NULL),
(403, 4, 328, 0, NULL),
(404, 5, 328, 0, NULL),
(405, 6, 328, 0, NULL),
(406, 4, 329, 0, NULL),
(407, 5, 329, 0, NULL),
(408, 6, 329, 0, NULL),
(409, 4, 330, 0, NULL),
(410, 5, 330, 0, NULL),
(411, 6, 330, 0, NULL),
(412, 4, 331, 0, NULL),
(413, 5, 331, 0, NULL),
(414, 6, 331, 0, NULL);

-- --------------------------------------------------------

--
-- Table structure for table `user_sched`
--

CREATE TABLE `user_sched` (
  `id` int(11) NOT NULL,
  `uid` int(11) NOT NULL,
  `sched_id` int(11) NOT NULL,
  `us_status` tinyint(1) NOT NULL DEFAULT 0
) ENGINE=InnoDB DEFAULT CHARSET=utf8mb4;

--
-- Dumping data for table `user_sched`
--

INSERT INTO `user_sched` (`id`, `uid`, `sched_id`, `us_status`) VALUES
(1, 1, 2, 1),
(2, 1, 3, 1),
(3, 1, 6, 1),
(4, 1, 10, 1),
(5, 1, 14, 1),
(6, 1, 15, 1),
(7, 1, 16, 1),
(8, 1, 17, 1),
(9, 1, 18, 1),
(10, 1, 46, 1),
(11, 1, 48, 1),
(12, 1, 50, 1),
(13, 1, 54, 1),
(14, 1, 56, 1),
(15, 1, 58, 1),
(16, 1, 60, 1),
(17, 1, 62, 1),
(18, 1, 64, 1),
(19, 1, 66, 1),
(20, 1, 68, 1),
(21, 1, 70, 1),
(22, 1, 72, 1),
(23, 1, 74, 1),
(24, 1, 76, 1),
(25, 1, 78, 1),
(26, 1, 80, 1),
(27, 1, 82, 1),
(28, 1, 83, 1),
(29, 1, 85, 1),
(30, 1, 86, 1),
(31, 1, 88, 1),
(32, 1, 90, 1),
(33, 1, 92, 1),
(34, 1, 94, 1),
(35, 1, 96, 1),
(36, 1, 98, 1),
(37, 1, 100, 1),
(38, 1, 102, 1),
(39, 1, 104, 1),
(40, 1, 106, 1),
(41, 1, 108, 1),
(42, 1, 111, 1),
(43, 1, 112, 1),
(44, 1, 113, 1),
(45, 1, 114, 1),
(46, 1, 115, 1),
(47, 1, 116, 1),
(48, 1, 117, 1),
(49, 1, 119, 1),
(50, 1, 121, 1),
(51, 1, 123, 1),
(52, 1, 125, 1),
(53, 1, 127, 1),
(54, 1, 129, 1),
(55, 1, 171, 1),
(56, 1, 173, 1),
(57, 1, 175, 1),
(58, 1, 177, 1),
(59, 1, 179, 1),
(60, 1, 180, 1),
(61, 1, 182, 1),
(62, 1, 183, 1),
(63, 1, 184, 1),
(64, 1, 186, 1),
(65, 1, 187, 1),
(66, 1, 188, 1),
(67, 1, 189, 1),
(68, 1, 190, 1),
(69, 1, 193, 1),
(70, 1, 194, 1),
(71, 1, 195, 1),
(72, 1, 196, 1),
(73, 1, 197, 1),
(74, 1, 200, 1),
(75, 1, 201, 1),
(76, 1, 202, 1),
(77, 1, 204, 1),
(78, 1, 207, 1),
(79, 1, 208, 1),
(80, 1, 209, 1),
(81, 1, 210, 1),
(82, 1, 211, 1),
(83, 1, 214, 1),
(84, 1, 215, 1),
(85, 1, 216, 1),
(86, 1, 217, 1),
(87, 1, 218, 1),
(88, 1, 220, 1),
(89, 1, 222, 1),
(90, 1, 223, 1),
(91, 1, 225, 1),
(92, 1, 226, 1),
(93, 1, 229, 1),
(94, 1, 231, 1),
(95, 1, 233, 1),
(96, 1, 237, 1),
(97, 1, 240, 1),
(98, 1, 242, 1),
(99, 1, 244, 1),
(100, 1, 246, 1),
(101, 1, 248, 1),
(102, 1, 250, 1),
(103, 1, 252, 1),
(104, 1, 254, 1),
(105, 1, 255, 1),
(106, 1, 258, 1),
(107, 1, 259, 1),
(108, 1, 260, 1),
(109, 1, 261, 1),
(110, 1, 262, 1),
(111, 1, 264, 1),
(112, 1, 265, 1),
(113, 1, 266, 1),
(114, 1, 268, 1),
(115, 1, 271, 1),
(116, 1, 273, 1),
(117, 1, 275, 1),
(118, 1, 276, 1),
(119, 1, 278, 1),
(120, 1, 279, 1),
(121, 1, 281, 1),
(122, 1, 282, 1),
(123, 1, 284, 1),
(124, 1, 285, 1),
(125, 1, 286, 1),
(126, 1, 287, 1),
(127, 1, 288, 1),
(128, 1, 290, 1),
(129, 1, 292, 1),
(130, 0, 294, 0),
(131, 0, 295, 0),
(132, 0, 144, 1),
(133, 0, 297, 0),
(134, 1, 298, 1),
(135, 1, 299, 1),
(136, 1, 300, 1),
(137, 1, 301, 1),
(138, 1, 303, 1),
(139, 1, 305, 1),
(140, 1, 307, 1),
(141, 1, 309, 1),
(142, 1, 311, 1),
(143, 1, 313, 1),
(144, 1, 316, 1),
(145, 1, 317, 1),
(146, 1, 318, 1),
(147, 1, 320, 1),
(148, 1, 322, 1),
(149, 1, 324, 1),
(150, 1, 325, 1),
(151, 1, 326, 1),
(152, 1, 328, 1),
(153, 1, 330, 1),
(154, 1, 331, 1),
(155, 1, 332, 1),
(156, 1, 333, 1),
(157, 1, 334, 1),
(158, 1, 336, 1),
(159, 1, 338, 1),
(160, 1, 340, 1),
(161, 1, 342, 1),
(162, 1, 344, 1),
(163, 1, 346, 1),
(164, 1, 348, 1),
(165, 1, 350, 1),
(166, 1, 351, 1),
(167, 1, 353, 1),
(168, 1, 355, 1),
(169, 1, 357, 1),
(170, 1, 359, 1),
(171, 1, 361, 1),
(172, 1, 363, 1),
(173, 1, 365, 1),
(174, 1, 366, 1),
(175, 1, 367, 1),
(176, 1, 368, 1),
(177, 1, 369, 1),
(178, 1, 370, 1),
(179, 1, 374, 1),
(180, 1, 376, 1),
(181, 1, 378, 1),
(182, 1, 380, 1),
(183, 1, 382, 1),
(184, 1, 384, 1),
(185, 1, 386, 1),
(186, 1, 388, 1),
(187, 1, 390, 1),
(188, 1, 393, 1),
(189, 1, 397, 1),
(190, 1, 398, 1),
(191, 1, 399, 1),
(192, 1, 400, 1),
(193, 1, 402, 1),
(194, 1, 403, 1),
(195, 1, 283, 1),
(196, 1, 49, 1),
(197, 1, 407, 1),
(198, 1, 409, 1),
(199, 1, 178, 1),
(200, 1, 295, 1),
(201, 1, 412, 1),
(202, 1, 297, 1),
(203, 1, 414, 1),
(204, 1, 416, 1),
(205, 1, 418, 1),
(206, 1, 420, 1),
(207, 1, 294, 1),
(208, 1, 422, 1),
(209, 1, 146, 1),
(210, 1, 425, 1),
(211, 1, 426, 1),
(212, 1, 429, 1),
(213, 1, 431, 1),
(214, 1, 249, 1),
(215, 1, 434, 1),
(216, 1, 435, 1),
(217, 1, 436, 1),
(218, 1, 437, 1),
(219, 1, 438, 1),
(220, 1, 439, 1),
(221, 1, 440, 1),
(222, 1, 441, 1),
(223, 1, 442, 0),
(224, 1, 443, 0),
(225, 1, 444, 0),
(226, 1, 445, 0),
(227, 1, 446, 0),
(228, 1, 447, 0),
(229, 1, 448, 0),
(230, 4, 449, 1),
(231, 5, 449, 1),
(232, 7, 449, 1),
(233, 4, 450, 1),
(234, 5, 450, 1),
(235, 7, 450, 1),
(236, 4, 464, 0),
(237, 5, 464, 0),
(238, 7, 465, 1),
(239, 6, 465, 1),
(240, 0, 149, 1),
(241, 0, 314, 1),
(242, 7, 42, 1),
(243, 0, 168, 1),
(244, 0, 372, 1),
(245, 0, 472, 1),
(246, 0, 296, 1),
(247, 6, 172, 1),
(248, 7, 172, 1),
(249, 4, 448, 1),
(250, 9, 448, 1),
(251, 5, 448, 1),
(252, 7, 448, 1),
(253, 6, 448, 1),
(254, 4, 476, 1),
(255, 5, 476, 1),
(256, 6, 476, 1),
(257, 7, 476, 1),
(258, 9, 476, 1),
(259, 6, 446, 1),
(260, 7, 446, 1),
(261, 5, 478, 0),
(262, 4, 478, 0),
(263, 4, 479, 0),
(264, 6, 479, 1),
(265, 7, 479, 1),
(266, 5, 479, 0),
(267, 5, 445, 1),
(268, 7, 445, 1),
(269, 1, 474, 1),
(270, 1, 469, 1),
(271, 1, 8, 1),
(272, 1, 11, 1),
(273, 0, 468, 1),
(274, 4, 484, 1),
(275, 5, 484, 1),
(276, 7, 466, 1),
(277, 6, 466, 1),
(278, 6, 347, 1),
(279, 7, 347, 1),
(280, 7, 349, 1),
(281, 6, 349, 1),
(282, 7, 391, 1),
(283, 6, 391, 1),
(284, 7, 263, 1),
(285, 6, 263, 1),
(286, 6, 269, 1),
(287, 7, 269, 1),
(288, 6, 364, 1),
(289, 7, 364, 1),
(290, 7, 371, 1),
(291, 6, 371, 1),
(292, 5, 447, 1),
(293, 4, 447, 1),
(294, 9, 447, 1),
(295, 5, 234, 1),
(296, 4, 234, 1),
(297, 9, 234, 1),
(298, 5, 493, 1),
(299, 4, 493, 1),
(300, 9, 493, 1),
(301, 6, 494, 1),
(302, 7, 494, 1),
(303, 7, 277, 1),
(304, 6, 277, 1),
(305, 9, 277, 1),
(306, 5, 497, 1),
(307, 4, 497, 1),
(308, 5, 499, 1),
(309, 7, 499, 1),
(310, 3, 495, 1),
(311, 9, 502, 1),
(312, 5, 502, 1),
(313, 4, 502, 1),
(314, 7, 502, 1),
(315, 4, 503, 0),
(316, 5, 503, 0),
(317, 9, 504, 1),
(318, 7, 504, 1),
(319, 6, 504, 1),
(320, 6, 272, 1),
(321, 7, 272, 1),
(322, 5, 506, 0),
(323, 4, 506, 0),
(324, 9, 507, 1),
(325, 6, 508, 0),
(326, 7, 508, 0),
(327, 4, 93, 1),
(328, 5, 93, 1),
(329, 7, 93, 1),
(330, 4, 95, 1),
(331, 5, 95, 1),
(332, 7, 95, 1),
(333, 4, 99, 1),
(334, 5, 99, 1),
(335, 7, 99, 1),
(336, 4, 511, 0),
(337, 5, 511, 0),
(338, 4, 512, 0),
(339, 5, 512, 0),
(340, 4, 513, 0),
(341, 5, 513, 0),
(342, 4, 514, 1),
(343, 5, 514, 1),
(344, 7, 514, 1),
(345, 4, 515, 0),
(346, 5, 515, 0),
(347, 7, 507, 1),
(348, 4, 516, 1),
(349, 5, 516, 1),
(350, 6, 516, 1),
(351, 4, 97, 1),
(352, 5, 97, 1),
(353, 6, 97, 1),
(354, 4, 101, 1),
(355, 5, 101, 1),
(356, 6, 101, 1),
(357, 4, 103, 1),
(358, 5, 103, 1),
(359, 6, 103, 1),
(360, 4, 105, 1),
(361, 5, 105, 1),
(362, 6, 105, 1),
(363, 4, 107, 1),
(364, 5, 107, 1),
(365, 6, 107, 1),
(366, 0, 508, 1),
(367, 4, 523, 0),
(368, 5, 523, 0),
(369, 6, 523, 0),
(370, 4, 524, 0),
(371, 5, 524, 0),
(372, 6, 524, 0),
(373, 4, 525, 0),
(374, 5, 525, 0),
(375, 6, 525, 0),
(376, 4, 500, 1),
(377, 5, 500, 1),
(378, 6, 500, 1);

--
-- Indexes for dumped tables
--

--
-- Indexes for table `accomplished_schedule`
--
ALTER TABLE `accomplished_schedule`
  ADD PRIMARY KEY (`id`);

--
-- Indexes for table `clients`
--
ALTER TABLE `clients`
  ADD PRIMARY KEY (`client_id`);

--
-- Indexes for table `contract`
--
ALTER TABLE `contract`
  ADD PRIMARY KEY (`contract_id`),
  ADD KEY `client_id` (`client_id`);

--
-- Indexes for table `machine`
--
ALTER TABLE `machine`
  ADD PRIMARY KEY (`machine_id`);

--
-- Indexes for table `machine_type`
--
ALTER TABLE `machine_type`
  ADD PRIMARY KEY (`machine_id`);

--
-- Indexes for table `notification`
--
ALTER TABLE `notification`
  ADD PRIMARY KEY (`id`);

--
-- Indexes for table `pms`
--
ALTER TABLE `pms`
  ADD PRIMARY KEY (`pms_id`);

--
-- Indexes for table `report`
--
ALTER TABLE `report`
  ADD PRIMARY KEY (`report_id`);

--
-- Indexes for table `schedule`
--
ALTER TABLE `schedule`
  ADD PRIMARY KEY (`schedule_id`),
  ADD KEY `contract_id` (`contract_id`),
  ADD KEY `sv_id` (`sv_id`);

--
-- Indexes for table `service_call`
--
ALTER TABLE `service_call`
  ADD PRIMARY KEY (`sv_id`);

--
-- Indexes for table `users`
--
ALTER TABLE `users`
  ADD PRIMARY KEY (`mem_id`);

--
-- Indexes for table `user_notification`
--
ALTER TABLE `user_notification`
  ADD PRIMARY KEY (`id`);

--
-- Indexes for table `user_sched`
--
ALTER TABLE `user_sched`
  ADD PRIMARY KEY (`id`);

--
-- AUTO_INCREMENT for dumped tables
--

--
-- AUTO_INCREMENT for table `accomplished_schedule`
--
ALTER TABLE `accomplished_schedule`
  MODIFY `id` int(11) NOT NULL AUTO_INCREMENT, AUTO_INCREMENT=288;

--
-- AUTO_INCREMENT for table `clients`
--
ALTER TABLE `clients`
  MODIFY `client_id` int(11) NOT NULL AUTO_INCREMENT, AUTO_INCREMENT=81;

--
-- AUTO_INCREMENT for table `contract`
--
ALTER TABLE `contract`
  MODIFY `contract_id` int(50) NOT NULL AUTO_INCREMENT, AUTO_INCREMENT=102;

--
-- AUTO_INCREMENT for table `machine`
--
ALTER TABLE `machine`
  MODIFY `machine_id` int(11) NOT NULL AUTO_INCREMENT, AUTO_INCREMENT=45;

--
-- AUTO_INCREMENT for table `machine_type`
--
ALTER TABLE `machine_type`
  MODIFY `machine_id` int(11) NOT NULL AUTO_INCREMENT, AUTO_INCREMENT=12;

--
-- AUTO_INCREMENT for table `notification`
--
ALTER TABLE `notification`
  MODIFY `id` int(11) NOT NULL AUTO_INCREMENT, AUTO_INCREMENT=332;

--
-- AUTO_INCREMENT for table `pms`
--
ALTER TABLE `pms`
  MODIFY `pms_id` int(11) NOT NULL AUTO_INCREMENT;

--
-- AUTO_INCREMENT for table `report`
--
ALTER TABLE `report`
  MODIFY `report_id` int(11) NOT NULL AUTO_INCREMENT, AUTO_INCREMENT=4;

--
-- AUTO_INCREMENT for table `schedule`
--
ALTER TABLE `schedule`
  MODIFY `schedule_id` int(11) NOT NULL AUTO_INCREMENT, AUTO_INCREMENT=528;

--
-- AUTO_INCREMENT for table `service_call`
--
ALTER TABLE `service_call`
  MODIFY `sv_id` int(11) NOT NULL AUTO_INCREMENT, AUTO_INCREMENT=45;

--
-- AUTO_INCREMENT for table `users`
--
ALTER TABLE `users`
  MODIFY `mem_id` int(11) NOT NULL AUTO_INCREMENT, AUTO_INCREMENT=11;

--
-- AUTO_INCREMENT for table `user_notification`
--
ALTER TABLE `user_notification`
  MODIFY `id` int(11) NOT NULL AUTO_INCREMENT, AUTO_INCREMENT=415;

--
-- AUTO_INCREMENT for table `user_sched`
--
ALTER TABLE `user_sched`
  MODIFY `id` int(11) NOT NULL AUTO_INCREMENT, AUTO_INCREMENT=379;

--
-- Constraints for dumped tables
--

--
-- Constraints for table `contract`
--
ALTER TABLE `contract`
  ADD CONSTRAINT `contract_ibfk_1` FOREIGN KEY (`client_id`) REFERENCES `clients` (`client_id`);
COMMIT;

/*!40101 SET CHARACTER_SET_CLIENT=@OLD_CHARACTER_SET_CLIENT */;
/*!40101 SET CHARACTER_SET_RESULTS=@OLD_CHARACTER_SET_RESULTS */;
/*!40101 SET COLLATION_CONNECTION=@OLD_COLLATION_CONNECTION */;
